Method,Trial,SolveTime,ADMMTime,RhoTime,Iterations,FinalRho
Fixed,-1,29568,29567,0,500,85.0
Adaptive,-1,10613,10282,331,167,70.0
Fixed,0,29569,29569,0,500,85.0
Fixed,1,26906,26906,0,454,85.0
Fixed,2,29566,29566,0,500,85.0
Fixed,3,18742,18742,0,316,85.0
Fixed,4,29567,29567,0,500,85.0
Fixed,5,29566,29566,0,500,85.0
Fixed,6,29569,29569,0,500,85.0
Fixed,7,25487,25486,0,430,85.0
Fixed,8,29567,29567,0,500,85.0
Fixed,9,20045,20045,0,338,85.0
Fixed,10,13720,13720,0,231,85.0
Fixed,11,29570,29570,0,500,85.0
Fixed,12,12420,12420,0,209,85.0
Fixed,13,29564,29563,0,500,85.0
Fixed,14,27377,27376,0,462,85.0
Fixed,15,16619,16619,0,280,85.0
Fixed,16,18333,18333,0,309,85.0
Fixed,17,24775,24775,0,418,85.0
Fixed,18,17269,17269,0,291,85.0
Fixed,19,26731,26731,0,451,85.0
Fixed,20,15315,15315,0,258,85.0
Fixed,21,29563,29563,0,500,85.0
Fixed,22,10999,10999,0,185,85.0
Fixed,23,20166,20166,0,340,85.0
Fixed,24,14843,14843,0,250,85.0
Fixed,25,26730,26730,0,451,85.0
Fixed,26,29572,29572,0,500,85.0
Fixed,27,10230,10230,0,172,85.0
Fixed,28,13422,13422,0,226,85.0
Fixed,29,29571,29571,0,500,85.0
Fixed,30,29570,29570,0,500,85.0
Fixed,31,15730,15730,0,265,85.0
Fixed,32,29568,29568,0,500,85.0
Fixed,33,29565,29565,0,500,85.0
Fixed,34,29569,29569,0,500,85.0
Fixed,35,22054,22054,0,372,85.0
Fixed,36,12004,12004,0,202,85.0
Fixed,37,29567,29567,0,500,85.0
Fixed,38,29571,29570,0,500,85.0
Fixed,39,26728,26728,0,451,85.0
Fixed,40,29568,29568,0,500,85.0
Fixed,41,11766,11766,0,198,85.0
Fixed,42,29567,29567,0,500,85.0
Fixed,43,21170,21170,0,357,85.0
Fixed,44,28320,28320,0,478,85.0
Fixed,45,27969,27969,0,472,85.0
Fixed,46,29570,29569,0,500,85.0
Fixed,47,29565,29565,0,500,85.0
Fixed,48,29569,29569,0,500,85.0
Fixed,49,25368,25367,0,428,85.0
Fixed,50,29569,29569,0,500,85.0
Fixed,51,22229,22229,0,375,85.0
Fixed,52,26965,26965,0,455,85.0
Fixed,53,29567,29566,0,500,85.0
Fixed,54,9047,9047,0,152,85.0
Fixed,55,9698,9698,0,163,85.0
Fixed,56,29571,29571,0,500,85.0
Fixed,57,18861,18861,0,318,85.0
Fixed,58,29563,29563,0,500,85.0
Fixed,59,29566,29565,0,500,85.0
Fixed,60,14544,14544,0,245,85.0
Fixed,61,19750,19749,0,333,85.0
Fixed,62,16204,16204,0,273,85.0
Fixed,63,29560,29560,0,500,85.0
Fixed,64,15490,15490,0,261,85.0
Fixed,65,29569,29569,0,500,85.0
Fixed,66,29567,29567,0,500,85.0
Fixed,67,22178,22177,0,374,85.0
Fixed,68,19158,19158,0,323,85.0
Fixed,69,19513,19513,0,329,85.0
Fixed,70,15968,15967,0,269,85.0
Fixed,71,29567,29567,0,500,85.0
Fixed,72,12536,12536,0,211,85.0
Fixed,73,22587,22587,0,381,85.0
Fixed,74,11354,11354,0,191,85.0
Fixed,75,29569,29569,0,500,85.0
Fixed,76,29565,29564,0,500,85.0
Fixed,77,17326,17326,0,292,85.0
Fixed,78,29571,29571,0,500,85.0
Fixed,79,18865,18865,0,318,85.0
Fixed,80,24071,24070,0,406,85.0
Fixed,81,29561,29561,0,500,85.0
Fixed,82,18920,18920,0,319,85.0
Fixed,83,12122,12122,0,204,85.0
Fixed,84,23004,23004,0,388,85.0
Fixed,85,14843,14843,0,250,85.0
Fixed,86,29567,29567,0,500,85.0
Fixed,87,15494,15494,0,261,85.0
Fixed,88,20225,20225,0,341,85.0
Fixed,89,29569,29569,0,500,85.0
Fixed,90,18391,18390,0,310,85.0
Fixed,91,13008,13008,0,219,85.0
Fixed,92,14667,14666,0,247,85.0
Fixed,93,29567,29567,0,500,85.0
Fixed,94,13423,13423,0,226,85.0
Fixed,95,12477,12476,0,210,85.0
Fixed,96,17681,17681,0,298,85.0
Fixed,97,25900,25900,0,437,85.0
Fixed,98,13660,13660,0,230,85.0
Fixed,99,29566,29565,0,500,85.0
Fixed,100,11473,11473,0,193,85.0
Fixed,101,27733,27733,0,468,85.0
Fixed,102,19041,19041,0,321,85.0
Fixed,103,13188,13188,0,222,85.0
Fixed,104,16618,16618,0,280,85.0
Fixed,105,19809,19809,0,334,85.0
Fixed,106,29565,29565,0,500,85.0
Fixed,107,9875,9875,0,166,85.0
Fixed,108,29568,29568,0,500,85.0
Fixed,109,23238,23238,0,392,85.0
Fixed,110,29560,29560,0,500,85.0
Fixed,111,27381,27381,0,462,85.0
Fixed,112,12241,12240,0,206,85.0
Fixed,113,18983,18983,0,320,85.0
Fixed,114,15670,15670,0,264,85.0
Fixed,115,24953,24953,0,421,85.0
Fixed,116,15967,15967,0,269,85.0
Fixed,117,15018,15018,0,253,85.0
Fixed,118,24777,24777,0,418,85.0
Fixed,119,15731,15731,0,265,85.0
Fixed,120,27732,27732,0,468,85.0
Fixed,121,29571,29571,0,500,85.0
Fixed,122,25307,25307,0,427,85.0
Fixed,123,29566,29566,0,500,85.0
Fixed,124,25487,25486,0,430,85.0
Fixed,125,17859,17859,0,301,85.0
Fixed,126,20402,20402,0,344,85.0
Fixed,127,15020,15020,0,253,85.0
Fixed,128,15847,15847,0,267,85.0
Fixed,129,29570,29569,0,500,85.0
Fixed,130,29567,29567,0,500,85.0
Fixed,131,11118,11118,0,187,85.0
Fixed,132,28738,28738,0,485,85.0
Fixed,133,29568,29568,0,500,85.0
Fixed,134,23240,23240,0,392,85.0
Fixed,135,25133,25133,0,424,85.0
Fixed,136,29153,29153,0,492,85.0
Fixed,137,18861,18861,0,318,85.0
Fixed,138,13660,13660,0,230,85.0
Fixed,139,21702,21702,0,366,85.0
Fixed,140,25663,25663,0,433,85.0
Fixed,141,28977,28977,0,489,85.0
Fixed,142,18215,18215,0,307,85.0
Fixed,143,16379,16379,0,276,85.0
Fixed,144,23831,23831,0,402,85.0
Fixed,145,29566,29566,0,500,85.0
Fixed,146,24893,24893,0,420,85.0
Fixed,147,29212,29212,0,493,85.0
Fixed,148,20636,20636,0,348,85.0
Fixed,149,8160,8160,0,137,85.0
Fixed,150,28324,28324,0,478,85.0
Fixed,151,29568,29568,0,500,85.0
Fixed,152,29563,29563,0,500,85.0
Fixed,153,29569,29569,0,500,85.0
Fixed,154,20048,20048,0,338,85.0
Fixed,155,12831,12831,0,216,85.0
Fixed,156,15495,15495,0,261,85.0
Fixed,157,18273,18273,0,308,85.0
Fixed,158,17443,17443,0,294,85.0
Fixed,159,15612,15612,0,263,85.0
Fixed,160,13067,13067,0,220,85.0
Fixed,161,29561,29560,0,500,85.0
Fixed,162,20343,20343,0,343,85.0
Fixed,163,13718,13718,0,231,85.0
Fixed,164,28088,28087,0,474,85.0
Fixed,165,24717,24717,0,417,85.0
Fixed,166,29563,29563,0,500,85.0
Fixed,167,25016,25016,0,422,85.0
Fixed,168,8928,8928,0,150,85.0
Fixed,169,18807,18807,0,317,85.0
Fixed,170,24249,24249,0,409,85.0
Fixed,171,8457,8456,0,142,85.0
Fixed,172,27439,27439,0,463,85.0
Fixed,173,16321,16321,0,275,85.0
Fixed,174,29561,29561,0,500,85.0
Fixed,175,27735,27735,0,468,85.0
Fixed,176,14487,14487,0,244,85.0
Fixed,177,24307,24307,0,410,85.0
Fixed,178,17918,17918,0,302,85.0
Fixed,179,17148,17148,0,289,85.0
Fixed,180,16500,16500,0,278,85.0
Fixed,181,18628,18628,0,314,85.0
Fixed,182,20402,20402,0,344,85.0
Fixed,183,10643,10643,0,179,85.0
Fixed,184,19571,19571,0,330,85.0
Fixed,185,29568,29568,0,500,85.0
Fixed,186,29566,29566,0,500,85.0
Fixed,187,26019,26019,0,439,85.0
Fixed,188,20402,20402,0,344,85.0
Fixed,189,29571,29571,0,500,85.0
Fixed,190,29563,29563,0,500,85.0
Fixed,191,28322,28322,0,478,85.0
Fixed,192,18334,18333,0,309,85.0
Fixed,193,29569,29569,0,500,85.0
Fixed,194,16321,16321,0,275,85.0
Fixed,195,29572,29572,0,500,85.0
Fixed,196,29564,29564,0,500,85.0
Fixed,197,18451,18451,0,311,85.0
Fixed,198,17683,17683,0,298,85.0
Fixed,199,29567,29567,0,500,85.0
Fixed,200,29567,29567,0,500,85.0
Fixed,201,29570,29570,0,500,85.0
Fixed,202,28618,28618,0,483,85.0
Fixed,203,26495,26495,0,447,85.0
Fixed,204,20699,20698,0,349,85.0
Fixed,205,29565,29565,0,500,85.0
Fixed,206,29560,29560,0,500,85.0
Fixed,207,19573,19573,0,330,85.0
Fixed,208,12477,12477,0,210,85.0
Fixed,209,18507,18506,0,312,85.0
Fixed,210,19632,19632,0,331,85.0
Fixed,211,29569,29569,0,500,85.0
Fixed,212,14782,14782,0,249,85.0
Fixed,213,29569,29569,0,500,85.0
Fixed,214,26253,26253,0,443,85.0
Fixed,215,18686,18686,0,315,85.0
Fixed,216,29569,29569,0,500,85.0
Fixed,217,19516,19516,0,329,85.0
Fixed,218,11709,11709,0,197,85.0
Fixed,219,22292,22292,0,376,85.0
Fixed,220,29569,29569,0,500,85.0
Fixed,221,16381,16381,0,276,85.0
Fixed,222,24541,24541,0,414,85.0
Fixed,223,16145,16145,0,272,85.0
Fixed,224,29570,29570,0,500,85.0
Fixed,225,24655,24655,0,416,85.0
Fixed,226,29565,29565,0,500,85.0
Fixed,227,27969,27969,0,472,85.0
Fixed,228,29563,29563,0,500,85.0
Fixed,229,21289,21289,0,359,85.0
Fixed,230,23886,23886,0,403,85.0
Fixed,231,12300,12300,0,207,85.0
Fixed,232,24128,24128,0,407,85.0
Fixed,233,17914,17914,0,302,85.0
Fixed,234,18506,18506,0,312,85.0
Fixed,235,19453,19452,0,328,85.0
Fixed,236,29564,29564,0,500,85.0
Fixed,237,24836,24836,0,419,85.0
Fixed,238,16972,16972,0,286,85.0
Fixed,239,29569,29569,0,500,85.0
Fixed,240,20521,20520,0,346,85.0
Fixed,241,27792,27792,0,469,85.0
Fixed,242,16910,16910,0,285,85.0
Fixed,243,26905,26905,0,454,85.0
Fixed,244,22761,22761,0,384,85.0
Fixed,245,29570,29570,0,500,85.0
Fixed,246,25604,25604,0,432,85.0
Fixed,247,10407,10407,0,175,85.0
Fixed,248,13897,13897,0,234,85.0
Fixed,249,29566,29565,0,500,85.0
Fixed,250,29564,29564,0,500,85.0
Fixed,251,19456,19456,0,328,85.0
Fixed,252,13186,13186,0,222,85.0
Fixed,253,29565,29565,0,500,85.0
Fixed,254,29562,29562,0,500,85.0
Fixed,255,29568,29568,0,500,85.0
Fixed,256,29568,29568,0,500,85.0
Fixed,257,8988,8988,0,151,85.0
Fixed,258,29565,29565,0,500,85.0
Fixed,259,29214,29214,0,493,85.0
Fixed,260,18509,18509,0,312,85.0
Fixed,261,29567,29567,0,500,85.0
Fixed,262,16379,16379,0,276,85.0
Fixed,263,29567,29566,0,500,85.0
Fixed,264,15727,15727,0,265,85.0
Fixed,265,29569,29569,0,500,85.0
Fixed,266,21821,21821,0,368,85.0
Fixed,267,12297,12297,0,207,85.0
Fixed,268,26960,26960,0,455,85.0
Fixed,269,29567,29567,0,500,85.0
Fixed,270,29089,29089,0,491,85.0
Fixed,271,8633,8633,0,145,85.0
Fixed,272,16318,16318,0,275,85.0
Fixed,273,9755,9755,0,164,85.0
Fixed,274,10763,10763,0,181,85.0
Fixed,275,24602,24602,0,415,85.0
Fixed,276,16736,16736,0,282,85.0
Fixed,277,20579,20579,0,347,85.0
Fixed,278,29567,29567,0,500,85.0
Fixed,279,12299,12299,0,207,85.0
Fixed,280,22411,22411,0,378,85.0
Fixed,281,29567,29566,0,500,85.0
Fixed,282,28565,28565,0,482,85.0
Fixed,283,25251,25251,0,426,85.0
Fixed,284,19573,19573,0,330,85.0
Fixed,285,21877,21877,0,369,85.0
Fixed,286,13306,13306,0,224,85.0
Fixed,287,29566,29566,0,500,85.0
Fixed,288,28680,28680,0,484,85.0
Fixed,289,20640,20640,0,348,85.0
Fixed,290,13777,13777,0,232,85.0
Fixed,291,17854,17854,0,301,85.0
Fixed,292,16498,16498,0,278,85.0
Fixed,293,10643,10643,0,179,85.0
Fixed,294,10938,10938,0,184,85.0
Fixed,295,19989,19989,0,337,85.0
Fixed,296,17445,17445,0,294,85.0
Fixed,297,29562,29562,0,500,85.0
Fixed,298,29564,29564,0,500,85.0
Fixed,299,29561,29561,0,500,85.0
Fixed,300,19516,19516,0,329,85.0
Fixed,301,27678,27678,0,467,85.0
Fixed,302,10703,10703,0,180,85.0
Fixed,303,21464,21464,0,362,85.0
Fixed,304,27377,27377,0,462,85.0
Fixed,305,29571,29571,0,500,85.0
Fixed,306,22235,22235,0,375,85.0
Fixed,307,19929,19929,0,336,85.0
Fixed,308,29571,29571,0,500,85.0
Fixed,309,10940,10940,0,184,85.0
Fixed,310,29567,29567,0,500,85.0
Fixed,311,23891,23891,0,403,85.0
Fixed,312,15846,15845,0,267,85.0
Fixed,313,19398,19398,0,327,85.0
Fixed,314,13660,13660,0,230,85.0
Fixed,315,29569,29569,0,500,85.0
Fixed,316,11885,11885,0,200,85.0
Fixed,317,12003,12003,0,202,85.0
Fixed,318,24363,24362,0,411,85.0
Fixed,319,29569,29568,0,500,85.0
Fixed,320,22237,22237,0,375,85.0
Fixed,321,29572,29571,0,500,85.0
Fixed,322,12595,12595,0,212,85.0
Fixed,323,22943,22942,0,387,85.0
Fixed,324,19100,19099,0,322,85.0
Fixed,325,29556,29556,0,500,85.0
Fixed,326,17975,17975,0,303,85.0
Fixed,327,29562,29562,0,500,85.0
Fixed,328,15434,15434,0,260,85.0
Fixed,329,19335,19335,0,326,85.0
Fixed,330,18095,18095,0,305,85.0
Fixed,331,28555,28555,0,482,85.0
Fixed,332,29570,29570,0,500,85.0
Fixed,333,20164,20164,0,340,85.0
Fixed,334,20874,20874,0,352,85.0
Fixed,335,29567,29567,0,500,85.0
Fixed,336,29569,29569,0,500,85.0
Fixed,337,18864,18864,0,318,85.0
Fixed,338,22768,22768,0,384,85.0
Fixed,339,16911,16911,0,285,85.0
Fixed,340,29567,29567,0,500,85.0
Fixed,341,29570,29569,0,500,85.0
Fixed,342,24009,24009,0,405,85.0
Fixed,343,29569,29569,0,500,85.0
Fixed,344,20402,20402,0,344,85.0
Fixed,345,29566,29566,0,500,85.0
Fixed,346,24542,24541,0,414,85.0
Fixed,347,27083,27083,0,457,85.0
Fixed,348,24833,24833,0,419,85.0
Fixed,349,29570,29570,0,500,85.0
Fixed,350,13366,13366,0,225,85.0
Fixed,351,12122,12122,0,204,85.0
Fixed,352,15140,15140,0,255,85.0
Fixed,353,29564,29564,0,500,85.0
Fixed,354,29568,29568,0,500,85.0
Fixed,355,19631,19631,0,331,85.0
Fixed,356,29564,29564,0,500,85.0
Fixed,357,13187,13187,0,222,85.0
Fixed,358,17444,17443,0,294,85.0
Fixed,359,29568,29568,0,500,85.0
Fixed,360,16201,16201,0,273,85.0
Fixed,361,24836,24836,0,419,85.0
Fixed,362,26966,26966,0,455,85.0
Fixed,363,29568,29568,0,500,85.0
Fixed,364,29568,29568,0,500,85.0
Fixed,365,29570,29570,0,500,85.0
Fixed,366,29566,29566,0,500,85.0
Fixed,367,28742,28742,0,485,85.0
Fixed,368,8928,8928,0,150,85.0
Fixed,369,29567,29567,0,500,85.0
Fixed,370,14961,14961,0,252,85.0
Fixed,371,18035,18035,0,304,85.0
Fixed,372,29569,29569,0,500,85.0
Fixed,373,28084,28084,0,474,85.0
Fixed,374,12121,12121,0,204,85.0
Fixed,375,29567,29567,0,500,85.0
Fixed,376,29566,29566,0,500,85.0
Fixed,377,16379,16378,0,276,85.0
Fixed,378,20046,20046,0,338,85.0
Fixed,379,14962,14962,0,252,85.0
Fixed,380,19397,19397,0,327,85.0
Fixed,381,17564,17564,0,296,85.0
Fixed,382,29569,29569,0,500,85.0
Fixed,383,23536,23536,0,397,85.0
Fixed,384,13188,13188,0,222,85.0
Fixed,385,22407,22407,0,378,85.0
Fixed,386,14607,14606,0,246,85.0
Fixed,387,23475,23475,0,396,85.0
Fixed,388,18155,18155,0,306,85.0
Fixed,389,29571,29571,0,500,85.0
Fixed,390,21939,21939,0,370,85.0
Fixed,391,27378,27378,0,462,85.0
Fixed,392,19748,19748,0,333,85.0
Fixed,393,14959,14959,0,252,85.0
Fixed,394,29562,29562,0,500,85.0
Fixed,395,23005,23005,0,388,85.0
Fixed,396,9520,9520,0,160,85.0
Fixed,397,13010,13010,0,219,85.0
Fixed,398,29564,29564,0,500,85.0
Fixed,399,29567,29566,0,500,85.0
Fixed,400,29213,29213,0,493,85.0
Fixed,401,29570,29570,0,500,85.0
Fixed,402,22591,22591,0,381,85.0
Fixed,403,29566,29566,0,500,85.0
Fixed,404,27618,27618,0,466,85.0
Fixed,405,20816,20816,0,351,85.0
Fixed,406,29570,29570,0,500,85.0
Fixed,407,20403,20403,0,344,85.0
Fixed,408,14133,14133,0,238,85.0
Fixed,409,13305,13305,0,224,85.0
Fixed,410,11827,11827,0,199,85.0
Fixed,411,20046,20046,0,338,85.0
Fixed,412,29568,29568,0,500,85.0
Fixed,413,12891,12891,0,217,85.0
Fixed,414,26081,26081,0,440,85.0
Fixed,415,14665,14665,0,247,85.0
Fixed,416,29565,29565,0,500,85.0
Fixed,417,11235,11235,0,189,85.0
Fixed,418,17975,17975,0,303,85.0
Fixed,419,29562,29562,0,500,85.0
Fixed,420,19512,19512,0,329,85.0
Fixed,421,29570,29570,0,500,85.0
Fixed,422,21172,21171,0,357,85.0
Fixed,423,17441,17441,0,294,85.0
Fixed,424,17858,17858,0,301,85.0
Fixed,425,16261,16261,0,274,85.0
Fixed,426,20397,20397,0,344,85.0
Fixed,427,15077,15077,0,254,85.0
Fixed,428,29568,29568,0,500,85.0
Fixed,429,21283,21283,0,359,85.0
Fixed,430,29560,29560,0,500,85.0
Fixed,431,13541,13541,0,228,85.0
Fixed,432,15848,15848,0,267,85.0
Fixed,433,29568,29568,0,500,85.0
Fixed,434,17682,17682,0,298,85.0
Fixed,435,20282,20282,0,342,85.0
Fixed,436,20993,20993,0,354,85.0
Fixed,437,29451,29451,0,497,85.0
Fixed,438,14961,14961,0,252,85.0
Fixed,439,13303,13303,0,224,85.0
Fixed,440,17091,17091,0,288,85.0
Fixed,441,29567,29567,0,500,85.0
Fixed,442,26908,26908,0,454,85.0
Fixed,443,29567,29567,0,500,85.0
Fixed,444,17562,17562,0,296,85.0
Fixed,445,26077,26077,0,440,85.0
Fixed,446,16144,16144,0,272,85.0
Fixed,447,11117,11116,0,187,85.0
Fixed,448,23297,23297,0,393,85.0
Fixed,449,26258,26257,0,443,85.0
Fixed,450,29570,29570,0,500,85.0
Fixed,451,16736,16736,0,282,85.0
Fixed,452,29569,29569,0,500,85.0
Fixed,453,29571,29571,0,500,85.0
Fixed,454,15435,15435,0,260,85.0
Fixed,455,29570,29570,0,500,85.0
Fixed,456,9816,9816,0,165,85.0
Fixed,457,23537,23537,0,397,85.0
Fixed,458,24184,24184,0,408,85.0
Fixed,459,29563,29563,0,500,85.0
Fixed,460,12595,12595,0,212,85.0
Fixed,461,11413,11413,0,192,85.0
Fixed,462,29568,29568,0,500,85.0
Fixed,463,29565,29565,0,500,85.0
Fixed,464,28919,28919,0,488,85.0
Fixed,465,14606,14606,0,246,85.0
Fixed,466,22410,22410,0,378,85.0
Fixed,467,29567,29567,0,500,85.0
Fixed,468,15552,15552,0,262,85.0
Fixed,469,29570,29570,0,500,85.0
Fixed,470,29561,29561,0,500,85.0
Fixed,471,29561,29561,0,500,85.0
Fixed,472,18922,18922,0,319,85.0
Fixed,473,27204,27204,0,459,85.0
Fixed,474,21821,21821,0,368,85.0
Fixed,475,18214,18214,0,307,85.0
Fixed,476,19930,19930,0,336,85.0
Fixed,477,29567,29567,0,500,85.0
Fixed,478,21939,21938,0,370,85.0
Fixed,479,13956,13956,0,235,85.0
Fixed,480,27264,27264,0,460,85.0
Fixed,481,24005,24005,0,405,85.0
Fixed,482,29566,29566,0,500,85.0
Fixed,483,16911,16911,0,285,85.0
Fixed,484,11470,11470,0,193,85.0
Fixed,485,26196,26196,0,442,85.0
Fixed,486,20935,20935,0,353,85.0
Fixed,487,21520,21520,0,363,85.0
Fixed,488,16615,16615,0,280,85.0
Fixed,489,15137,15137,0,255,85.0
Fixed,490,15668,15668,0,264,85.0
Fixed,491,19692,19692,0,332,85.0
Fixed,492,29570,29570,0,500,85.0
Fixed,493,17918,17918,0,302,85.0
Fixed,494,29564,29564,0,500,85.0
Fixed,495,16378,16378,0,276,85.0
Fixed,496,11944,11944,0,201,85.0
Fixed,497,15196,15196,0,256,85.0
Fixed,498,29559,29559,0,500,85.0
Fixed,499,16560,16560,0,279,85.0
Fixed,500,29569,29569,0,500,85.0
Fixed,501,13659,13658,0,230,85.0
Fixed,502,29564,29564,0,500,85.0
Fixed,503,22822,22822,0,385,85.0
Fixed,504,10112,10112,0,170,85.0
Fixed,505,29567,29567,0,500,85.0
Fixed,506,29568,29568,0,500,85.0
Fixed,507,26492,26492,0,447,85.0
Fixed,508,16144,16144,0,272,85.0
Fixed,509,26134,26134,0,441,85.0
Fixed,510,16087,16087,0,271,85.0
Fixed,511,16973,16973,0,286,85.0
Fixed,512,15433,15433,0,260,85.0
Fixed,513,29570,29570,0,500,85.0
Fixed,514,29571,29571,0,500,85.0
Fixed,515,29563,29563,0,500,85.0
Fixed,516,14371,14371,0,242,85.0
Fixed,517,19158,19158,0,323,85.0
Fixed,518,29570,29570,0,500,85.0
Fixed,519,16794,16794,0,283,85.0
Fixed,520,10820,10820,0,182,85.0
Fixed,521,27558,27558,0,465,85.0
Fixed,522,29564,29564,0,500,85.0
Fixed,523,23887,23887,0,403,85.0
Fixed,524,29567,29567,0,500,85.0
Fixed,525,29560,29560,0,500,85.0
Fixed,526,29567,29567,0,500,85.0
Fixed,527,17677,17677,0,298,85.0
Fixed,528,29570,29570,0,500,85.0
Fixed,529,29567,29567,0,500,85.0
Fixed,530,11649,11649,0,196,85.0
Fixed,531,27086,27086,0,457,85.0
Fixed,532,17443,17443,0,294,85.0
Fixed,533,29569,29569,0,500,85.0
Fixed,534,13660,13660,0,230,85.0
Fixed,535,16319,16319,0,275,85.0
Fixed,536,10526,10526,0,177,85.0
Fixed,537,16854,16854,0,284,85.0
Fixed,538,27381,27380,0,462,85.0
Fixed,539,14132,14132,0,238,85.0
Fixed,540,23061,23061,0,389,85.0
Fixed,541,18154,18154,0,306,85.0
Fixed,542,22704,22704,0,383,85.0
Fixed,543,28617,28617,0,483,85.0
Fixed,544,11707,11707,0,197,85.0
Fixed,545,29569,29569,0,500,85.0
Fixed,546,29570,29570,0,500,85.0
Fixed,547,29561,29561,0,500,85.0
Fixed,548,24071,24071,0,406,85.0
Fixed,549,15968,15968,0,269,85.0
Fixed,550,12775,12774,0,215,85.0
Fixed,551,18863,18863,0,318,85.0
Fixed,552,29566,29566,0,500,85.0
Fixed,553,23595,23595,0,398,85.0
Fixed,554,27970,27970,0,472,85.0
Fixed,555,24362,24362,0,411,85.0
Fixed,556,22288,22288,0,376,85.0
Fixed,557,29569,29569,0,500,85.0
Fixed,558,29570,29570,0,500,85.0
Fixed,559,29566,29566,0,500,85.0
Fixed,560,26140,26140,0,441,85.0
Fixed,561,20226,20226,0,341,85.0
Fixed,562,11885,11885,0,200,85.0
Fixed,563,12358,12358,0,208,85.0
Fixed,564,29567,29567,0,500,85.0
Fixed,565,29571,29571,0,500,85.0
Fixed,566,29566,29566,0,500,85.0
Fixed,567,29566,29566,0,500,85.0
Fixed,568,29570,29570,0,500,85.0
Fixed,569,17031,17031,0,287,85.0
Fixed,570,19393,19393,0,327,85.0
Fixed,571,29564,29564,0,500,85.0
Fixed,572,29570,29570,0,500,85.0
Fixed,573,13953,13953,0,235,85.0
Fixed,574,20280,20280,0,342,85.0
Fixed,575,10645,10645,0,179,85.0
Fixed,576,10879,10879,0,183,85.0
Fixed,577,29568,29568,0,500,85.0
Fixed,578,18274,18274,0,308,85.0
Fixed,579,21642,21642,0,365,85.0
Fixed,580,19396,19396,0,327,85.0
Fixed,581,29566,29566,0,500,85.0
Fixed,582,29569,29569,0,500,85.0
Fixed,583,9283,9283,0,156,85.0
Fixed,584,29563,29563,0,500,85.0
Fixed,585,29570,29570,0,500,85.0
Fixed,586,16318,16318,0,275,85.0
Fixed,587,16914,16914,0,285,85.0
Fixed,588,29570,29570,0,500,85.0
Fixed,589,28918,28918,0,488,85.0
Fixed,590,22177,22177,0,374,85.0
Fixed,591,18036,18035,0,304,85.0
Fixed,592,21053,21053,0,355,85.0
Fixed,593,29565,29565,0,500,85.0
Fixed,594,25014,25014,0,422,85.0
Fixed,595,17445,17445,0,294,85.0
Fixed,596,15255,15255,0,257,85.0
Fixed,597,29565,29564,0,500,85.0
Fixed,598,29570,29570,0,500,85.0
Fixed,599,15611,15611,0,263,85.0
Fixed,600,19869,19869,0,335,85.0
Fixed,601,25962,25962,0,438,85.0
Fixed,602,19216,19216,0,324,85.0
Fixed,603,29569,29569,0,500,85.0
Fixed,604,29566,29565,0,500,85.0
Fixed,605,29567,29567,0,500,85.0
Fixed,606,29562,29562,0,500,85.0
Fixed,607,29566,29566,0,500,85.0
Fixed,608,9816,9816,0,165,85.0
Fixed,609,13186,13186,0,222,85.0
Fixed,610,11236,11236,0,189,85.0
Fixed,611,15968,15968,0,269,85.0
Fixed,612,8338,8338,0,140,85.0
Fixed,613,20757,20757,0,350,85.0
Fixed,614,20223,20223,0,341,85.0
Fixed,615,29563,29563,0,500,85.0
Fixed,616,19455,19454,0,328,85.0
Fixed,617,29571,29570,0,500,85.0
Fixed,618,19575,19575,0,330,85.0
Fixed,619,29562,29562,0,500,85.0
Fixed,620,17265,17265,0,291,85.0
Fixed,621,17799,17799,0,300,85.0
Fixed,622,20991,20991,0,354,85.0
Fixed,623,16086,16086,0,271,85.0
Fixed,624,14548,14548,0,245,85.0
Fixed,625,18623,18623,0,314,85.0
Fixed,626,29565,29565,0,500,85.0
Fixed,627,9876,9876,0,166,85.0
Fixed,628,21702,21702,0,366,85.0
Fixed,629,29567,29567,0,500,85.0
Fixed,630,12357,12357,0,208,85.0
Fixed,631,11176,11176,0,188,85.0
Fixed,632,29573,29573,0,500,85.0
Fixed,633,29560,29560,0,500,85.0
Fixed,634,29565,29565,0,500,85.0
Fixed,635,29567,29567,0,500,85.0
Fixed,636,29570,29570,0,500,85.0
Fixed,637,29569,29569,0,500,85.0
Fixed,638,29567,29567,0,500,85.0
Fixed,639,28029,28029,0,473,85.0
Fixed,640,11235,11234,0,189,85.0
Fixed,641,21343,21343,0,360,85.0
Fixed,642,20284,20284,0,342,85.0
Fixed,643,18630,18630,0,314,85.0
Fixed,644,27733,27733,0,468,85.0
Fixed,645,24419,24419,0,412,85.0
Fixed,646,10998,10998,0,185,85.0
Fixed,647,21169,21169,0,357,85.0
Fixed,648,24303,24303,0,410,85.0
Fixed,649,29568,29568,0,500,85.0
Fixed,650,26081,26081,0,440,85.0
Fixed,651,29567,29567,0,500,85.0
Fixed,652,21761,21761,0,367,85.0
Fixed,653,20933,20933,0,353,85.0
Fixed,654,23537,23537,0,397,85.0
Fixed,655,14252,14251,0,240,85.0
Fixed,656,16736,16736,0,282,85.0
Fixed,657,13836,13836,0,233,85.0
Fixed,658,9936,9936,0,167,85.0
Fixed,659,21641,21641,0,365,85.0
Fixed,660,21167,21167,0,357,85.0
Fixed,661,22177,22177,0,374,85.0
Fixed,662,29571,29571,0,500,85.0
Fixed,663,28861,28861,0,487,85.0
Fixed,664,11768,11768,0,198,85.0
Fixed,665,7568,7568,0,127,85.0
Fixed,666,29571,29571,0,500,85.0
Fixed,667,27381,27381,0,462,85.0
Fixed,668,12771,12771,0,215,85.0
Fixed,669,22412,22412,0,378,85.0
Fixed,670,27140,27140,0,458,85.0
Fixed,671,19156,19156,0,323,85.0
Fixed,672,20224,20224,0,341,85.0
Fixed,673,21172,21172,0,357,85.0
Fixed,674,17801,17801,0,300,85.0
Fixed,675,14485,14485,0,244,85.0
Fixed,676,14960,14960,0,252,85.0
Fixed,677,29572,29572,0,500,85.0
Fixed,678,29568,29568,0,500,85.0
Fixed,679,15435,15435,0,260,85.0
Fixed,680,21524,21523,0,363,85.0
Fixed,681,29568,29568,0,500,85.0
Fixed,682,23597,23597,0,398,85.0
Fixed,683,24011,24011,0,405,85.0
Fixed,684,29571,29571,0,500,85.0
Fixed,685,26615,26615,0,449,85.0
Fixed,686,23177,23177,0,391,85.0
Fixed,687,29559,29559,0,500,85.0
Fixed,688,29569,29569,0,500,85.0
Fixed,689,19635,19635,0,331,85.0
Fixed,690,19040,19040,0,321,85.0
Fixed,691,19217,19217,0,324,85.0
Fixed,692,9639,9639,0,162,85.0
Fixed,693,14844,14844,0,250,85.0
Fixed,694,22470,22470,0,379,85.0
Fixed,695,15731,15731,0,265,85.0
Fixed,696,17150,17150,0,289,85.0
Fixed,697,14725,14725,0,248,85.0
Fixed,698,29570,29570,0,500,85.0
Fixed,699,20931,20931,0,353,85.0
Fixed,700,29568,29568,0,500,85.0
Fixed,701,13067,13067,0,220,85.0
Fixed,702,29566,29565,0,500,85.0
Fixed,703,24183,24183,0,408,85.0
Fixed,704,29571,29571,0,500,85.0
Fixed,705,16440,16440,0,277,85.0
Fixed,706,16381,16381,0,276,85.0
Fixed,707,29155,29155,0,492,85.0
Fixed,708,22526,22526,0,380,85.0
Fixed,709,21936,21936,0,370,85.0
Fixed,710,25658,25658,0,433,85.0
Fixed,711,21760,21760,0,367,85.0
Fixed,712,29562,29562,0,500,85.0
Fixed,713,28564,28564,0,482,85.0
Fixed,714,18212,18211,0,307,85.0
Fixed,715,9106,9106,0,153,85.0
Fixed,716,13540,13540,0,228,85.0
Fixed,717,21939,21939,0,370,85.0
Fixed,718,19750,19750,0,333,85.0
Fixed,719,29567,29567,0,500,85.0
Fixed,720,15610,15610,0,263,85.0
Fixed,721,18802,18802,0,317,85.0
Fixed,722,15668,15667,0,264,85.0
Fixed,723,21584,21584,0,364,85.0
Fixed,724,14426,14426,0,243,85.0
Fixed,725,13305,13305,0,224,85.0
Fixed,726,26432,26432,0,446,85.0
Fixed,727,29567,29567,0,500,85.0
Fixed,728,29567,29567,0,500,85.0
Fixed,729,29569,29569,0,500,85.0
Fixed,730,21762,21762,0,367,85.0
Fixed,731,28616,28615,0,483,85.0
Fixed,732,29570,29570,0,500,85.0
Fixed,733,26671,26671,0,450,85.0
Fixed,734,29567,29567,0,500,85.0
Fixed,735,24480,24480,0,413,85.0
Fixed,736,13129,13129,0,221,85.0
Fixed,737,29571,29571,0,500,85.0
Fixed,738,24655,24655,0,416,85.0
Fixed,739,29568,29568,0,500,85.0
Fixed,740,29569,29569,0,500,85.0
Fixed,741,18449,18448,0,311,85.0
Fixed,742,29567,29566,0,500,85.0
Fixed,743,29569,29569,0,500,85.0
Fixed,744,23002,23002,0,388,85.0
Fixed,745,17385,17385,0,293,85.0
Fixed,746,25306,25306,0,427,85.0
Fixed,747,29566,29566,0,500,85.0
Fixed,748,12891,12891,0,217,85.0
Fixed,749,15019,15019,0,253,85.0
Fixed,750,15079,15079,0,254,85.0
Fixed,751,29569,29569,0,500,85.0
Fixed,752,14548,14548,0,245,85.0
Fixed,753,28798,28798,0,486,85.0
Fixed,754,28207,28207,0,476,85.0
Fixed,755,26967,26967,0,455,85.0
Fixed,756,29566,29565,0,500,85.0
Fixed,757,10408,10408,0,175,85.0
Fixed,758,29568,29568,0,500,85.0
Fixed,759,29566,29566,0,500,85.0
Fixed,760,22407,22407,0,378,85.0
Fixed,761,29563,29563,0,500,85.0
Fixed,762,25250,25250,0,426,85.0
Fixed,763,14783,14783,0,249,85.0
Fixed,764,29567,29567,0,500,85.0
Fixed,765,22348,22348,0,377,85.0
Fixed,766,24422,24422,0,412,85.0
Fixed,767,11116,11116,0,187,85.0
Fixed,768,29326,29326,0,495,85.0
Fixed,769,14132,14132,0,238,85.0
Fixed,770,26909,26908,0,454,85.0
Fixed,771,25545,25545,0,431,85.0
Fixed,772,29569,29569,0,500,85.0
Fixed,773,19514,19514,0,329,85.0
Fixed,774,20933,20933,0,353,85.0
Fixed,775,18569,18569,0,313,85.0
Fixed,776,28798,28798,0,486,85.0
Fixed,777,27087,27087,0,457,85.0
Fixed,778,9756,9756,0,164,85.0
Fixed,779,14311,14311,0,241,85.0
Fixed,780,29566,29566,0,500,85.0
Fixed,781,17563,17562,0,296,85.0
Fixed,782,21643,21643,0,365,85.0
Fixed,783,25307,25307,0,427,85.0
Fixed,784,14367,14367,0,242,85.0
Fixed,785,25072,25072,0,423,85.0
Fixed,786,29562,29562,0,500,85.0
Fixed,787,13838,13838,0,233,85.0
Fixed,788,23887,23887,0,403,85.0
Fixed,789,20934,20934,0,353,85.0
Fixed,790,29566,29566,0,500,85.0
Fixed,791,25725,25725,0,434,85.0
Fixed,792,15552,15552,0,262,85.0
Fixed,793,15258,15258,0,257,85.0
Fixed,794,29566,29566,0,500,85.0
Fixed,795,13306,13306,0,224,85.0
Fixed,796,23478,23478,0,396,85.0
Fixed,797,22705,22705,0,383,85.0
Fixed,798,7036,7036,0,118,85.0
Fixed,799,28682,28682,0,484,85.0
Fixed,800,18985,18984,0,320,85.0
Fixed,801,24539,24539,0,414,85.0
Fixed,802,9757,9757,0,164,85.0
Fixed,803,14134,14134,0,238,85.0
Fixed,804,16673,16673,0,281,85.0
Fixed,805,27614,27614,0,466,85.0
Fixed,806,11058,11058,0,186,85.0
Fixed,807,29568,29568,0,500,85.0
Fixed,808,14016,14016,0,236,85.0
Fixed,809,12535,12534,0,211,85.0
Fixed,810,13069,13069,0,220,85.0
Fixed,811,29568,29567,0,500,85.0
Fixed,812,14485,14485,0,244,85.0
Fixed,813,13602,13601,0,229,85.0
Fixed,814,29567,29567,0,500,85.0
Fixed,815,18979,18979,0,320,85.0
Fixed,816,29570,29569,0,500,85.0
Fixed,817,16911,16911,0,285,85.0
Fixed,818,20873,20873,0,352,85.0
Fixed,819,29569,29569,0,500,85.0
Fixed,820,16734,16734,0,282,85.0
Fixed,821,29566,29566,0,500,85.0
Fixed,822,20519,20519,0,346,85.0
Fixed,823,26433,26433,0,446,85.0
Fixed,824,26791,26791,0,452,85.0
Fixed,825,29569,29569,0,500,85.0
Fixed,826,29568,29568,0,500,85.0
Fixed,827,29566,29566,0,500,85.0
Fixed,828,20398,20398,0,344,85.0
Fixed,829,12535,12535,0,211,85.0
Fixed,830,24898,24898,0,420,85.0
Fixed,831,29566,29565,0,500,85.0
Fixed,832,12419,12419,0,209,85.0
Fixed,833,16851,16851,0,284,85.0
Fixed,834,13366,13366,0,225,85.0
Fixed,835,10643,10643,0,179,85.0
Fixed,836,21348,21348,0,360,85.0
Fixed,837,29565,29565,0,500,85.0
Fixed,838,14191,14191,0,239,85.0
Fixed,839,29570,29570,0,500,85.0
Fixed,840,14486,14486,0,244,85.0
Fixed,841,25842,25842,0,436,85.0
Fixed,842,29569,29569,0,500,85.0
Fixed,843,29560,29560,0,500,85.0
Fixed,844,20579,20579,0,347,85.0
Fixed,845,21640,21640,0,365,85.0
Fixed,846,24306,24306,0,410,85.0
Fixed,847,29571,29571,0,500,85.0
Fixed,848,24071,24071,0,406,85.0
Fixed,849,29568,29568,0,500,85.0
Fixed,850,21409,21409,0,361,85.0
Fixed,851,16556,16556,0,279,85.0
Fixed,852,13659,13659,0,230,85.0
Fixed,853,10997,10997,0,185,85.0
Fixed,854,29561,29561,0,500,85.0
Fixed,855,29564,29564,0,500,85.0
Fixed,856,17266,17266,0,291,85.0
Fixed,857,12714,12714,0,214,85.0
Fixed,858,15257,15257,0,257,85.0
Fixed,859,21052,21052,0,355,85.0
Fixed,860,29568,29568,0,500,85.0
Fixed,861,29566,29566,0,500,85.0
Fixed,862,21762,21762,0,367,85.0
Fixed,863,6623,6623,0,111,85.0
Fixed,864,23893,23892,0,403,85.0
Fixed,865,24190,24189,0,408,85.0
Fixed,866,13543,13543,0,228,85.0
Fixed,867,12950,12950,0,218,85.0
Fixed,868,9758,9758,0,164,85.0
Fixed,869,20282,20282,0,342,85.0
Fixed,870,19986,19986,0,337,85.0
Fixed,871,18920,18920,0,319,85.0
Fixed,872,19749,19749,0,333,85.0
Fixed,873,21109,21109,0,356,85.0
Fixed,874,28264,28264,0,477,85.0
Fixed,875,28505,28505,0,481,85.0
Fixed,876,11946,11946,0,201,85.0
Fixed,877,28859,28859,0,487,85.0
Fixed,878,21464,21464,0,362,85.0
Fixed,879,15137,15137,0,255,85.0
Fixed,880,13777,13777,0,232,85.0
Fixed,881,16204,16203,0,273,85.0
Fixed,882,26845,26845,0,453,85.0
Fixed,883,24896,24896,0,420,85.0
Fixed,884,29563,29562,0,500,85.0
Fixed,885,13541,13541,0,228,85.0
Fixed,886,29568,29568,0,500,85.0
Fixed,887,29563,29563,0,500,85.0
Fixed,888,29564,29564,0,500,85.0
Fixed,889,23710,23710,0,400,85.0
Fixed,890,25423,25423,0,429,85.0
Fixed,891,10348,10348,0,174,85.0
Fixed,892,22710,22710,0,383,85.0
Fixed,893,16676,16676,0,281,85.0
Fixed,894,29214,29214,0,493,85.0
Fixed,895,9461,9461,0,159,85.0
Fixed,896,14015,14015,0,236,85.0
Fixed,897,18155,18155,0,306,85.0
Fixed,898,11885,11885,0,200,85.0
Fixed,899,18925,18925,0,319,85.0
Fixed,900,21349,21349,0,360,85.0
Fixed,901,22469,22469,0,379,85.0
Fixed,902,15790,15790,0,266,85.0
Fixed,903,29563,29563,0,500,85.0
Fixed,904,27264,27264,0,460,85.0
Fixed,905,29566,29566,0,500,85.0
Fixed,906,17974,17974,0,303,85.0
Fixed,907,14311,14311,0,241,85.0
Fixed,908,20167,20167,0,340,85.0
Fixed,909,19989,19989,0,337,85.0
Fixed,910,14666,14666,0,247,85.0
Fixed,911,14252,14252,0,240,85.0
Fixed,912,19692,19692,0,332,85.0
Fixed,913,14961,14961,0,252,85.0
Fixed,914,29563,29563,0,500,85.0
Fixed,915,26611,26611,0,449,85.0
Fixed,916,25016,25016,0,422,85.0
Fixed,917,29566,29566,0,500,85.0
Fixed,918,29445,29445,0,497,85.0
Fixed,919,21226,21226,0,358,85.0
Fixed,920,29567,29567,0,500,85.0
Fixed,921,17738,17738,0,299,85.0
Fixed,922,14015,14015,0,236,85.0
Fixed,923,29568,29568,0,500,85.0
Fixed,924,29564,29564,0,500,85.0
Fixed,925,25070,25070,0,423,85.0
Fixed,926,24539,24539,0,414,85.0
Fixed,927,15493,15493,0,261,85.0
Fixed,928,21705,21705,0,366,85.0
Fixed,929,17444,17444,0,294,85.0
Fixed,930,14783,14783,0,249,85.0
Fixed,931,29569,29569,0,500,85.0
Fixed,932,29572,29572,0,500,85.0
Fixed,933,29569,29569,0,500,85.0
Fixed,934,14016,14016,0,236,85.0
Fixed,935,17268,17268,0,291,85.0
Fixed,936,29564,29564,0,500,85.0
Fixed,937,22471,22471,0,379,85.0
Fixed,938,29566,29566,0,500,85.0
Fixed,939,27851,27851,0,470,85.0
Fixed,940,29567,29567,0,500,85.0
Fixed,941,18864,18864,0,318,85.0
Fixed,942,29570,29570,0,500,85.0
Fixed,943,29568,29568,0,500,85.0
Fixed,944,15197,15197,0,256,85.0
Fixed,945,22354,22354,0,377,85.0
Fixed,946,29564,29564,0,500,85.0
Fixed,947,22467,22467,0,379,85.0
Fixed,948,7806,7805,0,131,85.0
Fixed,949,12064,12064,0,203,85.0
Fixed,950,13541,13541,0,228,85.0
Fixed,951,29568,29568,0,500,85.0
Fixed,952,10230,10230,0,172,85.0
Fixed,953,15668,15668,0,264,85.0
Fixed,954,20815,20815,0,351,85.0
Fixed,955,27026,27026,0,456,85.0
Fixed,956,29569,29569,0,500,85.0
Fixed,957,29568,29568,0,500,85.0
Fixed,958,17978,17978,0,303,85.0
Fixed,959,21230,21230,0,358,85.0
Fixed,960,17507,17506,0,295,85.0
Fixed,961,14369,14369,0,242,85.0
Fixed,962,7155,7155,0,120,85.0
Fixed,963,25903,25903,0,437,85.0
Fixed,964,9343,9343,0,157,85.0
Fixed,965,12713,12713,0,214,85.0
Fixed,966,29563,29563,0,500,85.0
Fixed,967,19628,19628,0,331,85.0
Fixed,968,29564,29564,0,500,85.0
Fixed,969,13127,13127,0,221,85.0
Fixed,970,14785,14785,0,249,85.0
Fixed,971,10881,10881,0,183,85.0
Fixed,972,29569,29568,0,500,85.0
Fixed,973,18746,18746,0,316,85.0
Fixed,974,26077,26077,0,440,85.0
Fixed,975,17030,17030,0,287,85.0
Fixed,976,20871,20871,0,352,85.0
Fixed,977,29567,29567,0,500,85.0
Fixed,978,29564,29564,0,500,85.0
Fixed,979,15195,15195,0,256,85.0
Fixed,980,18448,18448,0,311,85.0
Fixed,981,29566,29566,0,500,85.0
Fixed,982,19278,19278,0,325,85.0
Fixed,983,18982,18982,0,320,85.0
Fixed,984,20756,20756,0,350,85.0
Fixed,985,25253,25253,0,426,85.0
Fixed,986,29564,29564,0,500,85.0
Fixed,987,29566,29565,0,500,85.0
Fixed,988,20992,20992,0,354,85.0
Fixed,989,29567,29567,0,500,85.0
Fixed,990,25779,25779,0,435,85.0
Fixed,991,29567,29567,0,500,85.0
Fixed,992,29571,29571,0,500,85.0
Fixed,993,12773,12773,0,215,85.0
Fixed,994,17149,17149,0,289,85.0
Fixed,995,11353,11353,0,191,85.0
Fixed,996,29565,29565,0,500,85.0
Fixed,997,17978,17978,0,303,85.0
Fixed,998,25310,25310,0,427,85.0
Fixed,999,29564,29564,0,500,85.0
Adaptive,0,12630,12238,392,199,70.0
Adaptive,1,8138,7888,250,128,70.0
Adaptive,2,8772,8501,271,138,70.0
Adaptive,3,19119,18503,616,301,70.0
Adaptive,4,5667,5498,168,89,70.0
Adaptive,5,12568,12178,390,198,70.0
Adaptive,6,15101,14628,473,238,70.0
Adaptive,7,18427,17831,595,290,70.0
Adaptive,8,10889,10537,351,171,70.0
Adaptive,9,21312,20637,675,336,70.0
Adaptive,10,14470,14016,454,228,70.0
Adaptive,11,23391,22652,739,369,70.0
Adaptive,12,6004,5814,190,94,70.0
Adaptive,13,16012,15499,513,252,70.0
Adaptive,14,18090,17514,575,285,70.0
Adaptive,15,19355,18740,615,305,70.0
Adaptive,16,11761,11388,373,185,70.0
Adaptive,17,13204,12791,413,208,70.0
Adaptive,18,10257,9925,332,161,70.0
Adaptive,19,10890,10538,352,171,70.0
Adaptive,20,28794,27872,922,454,70.0
Adaptive,21,27185,26327,858,429,70.0
Adaptive,22,26771,25913,858,422,70.0
Adaptive,23,18780,18186,594,296,70.0
Adaptive,24,5310,5142,168,83,70.0
Adaptive,25,11184,10833,351,176,70.0
Adaptive,26,8475,8205,270,133,70.0
Adaptive,27,14688,14214,474,231,70.0
Adaptive,28,7785,7534,250,122,70.0
Adaptive,29,11067,10716,351,174,70.0
Adaptive,30,16528,15993,535,260,70.0
Adaptive,31,5370,5202,168,84,70.0
Adaptive,32,21372,20696,676,337,70.0
Adaptive,33,9624,9313,311,151,70.0
Adaptive,34,13084,12671,412,206,70.0
Adaptive,35,16249,15735,514,256,70.0
Adaptive,36,9228,8937,291,145,70.0
Adaptive,37,21767,21070,697,343,70.0
Adaptive,38,8831,8561,270,139,70.0
Adaptive,39,7446,7218,228,117,70.0
Adaptive,40,9920,9609,311,156,70.0
Adaptive,41,11305,10952,353,178,70.0
Adaptive,42,12787,12376,411,201,70.0
Adaptive,43,12510,12118,392,197,70.0
Adaptive,44,8357,8087,270,131,70.0
Adaptive,45,13362,12929,433,210,70.0
Adaptive,46,12333,11941,392,194,70.0
Adaptive,47,11759,11387,372,185,70.0
Adaptive,48,19177,18563,614,302,70.0
Adaptive,49,18325,17751,574,289,70.0
Adaptive,50,8475,8205,270,133,70.0
Adaptive,51,16943,16407,536,267,70.0
Adaptive,52,18029,17455,574,284,70.0
Adaptive,53,11303,10952,351,178,70.0
Adaptive,54,18426,17831,595,290,70.0
Adaptive,55,7725,7475,250,121,70.0
Adaptive,56,8653,8384,269,136,70.0
Adaptive,57,11128,10775,353,175,70.0
Adaptive,58,10946,10598,348,172,70.0
Adaptive,59,12571,12179,392,198,70.0
Adaptive,60,15617,15122,495,246,70.0
Adaptive,61,8535,8265,270,134,70.0
Adaptive,62,17853,17278,574,281,70.0
Adaptive,63,8714,8443,271,137,70.0
Adaptive,64,8140,7890,250,128,70.0
Adaptive,65,13262,12849,413,209,70.0
Adaptive,66,10890,10538,352,171,70.0
Adaptive,67,9742,9431,311,153,70.0
Adaptive,68,14114,13661,453,222,70.0
Adaptive,69,18028,17454,574,284,70.0
Adaptive,70,10886,10537,349,171,70.0
Adaptive,71,11817,11446,371,186,70.0
Adaptive,72,15262,14768,494,240,70.0
Adaptive,73,13363,12929,434,210,70.0
Adaptive,74,31619,30618,1001,500,70.0
Adaptive,75,19120,18504,616,301,70.0
Adaptive,76,9050,8759,291,142,70.0
Adaptive,77,13146,12732,414,207,70.0
Adaptive,78,7963,7712,251,125,70.0
Adaptive,79,16369,15854,515,258,70.0
Adaptive,80,19473,18859,614,307,70.0
Adaptive,81,16369,15855,514,258,70.0
Adaptive,82,31621,30618,1003,500,70.0
Adaptive,83,6933,6724,209,109,70.0
Adaptive,84,10097,9786,311,159,70.0
Adaptive,85,13480,13047,433,212,70.0
Adaptive,86,31620,30618,1002,500,70.0
Adaptive,87,8772,8502,270,138,70.0
Adaptive,88,13361,12929,432,210,70.0
Adaptive,89,9742,9431,311,153,70.0
Adaptive,90,14982,14510,472,236,70.0
Adaptive,91,12097,11705,392,190,70.0
Adaptive,92,7784,7534,250,122,70.0
Adaptive,93,11819,11447,372,186,70.0
Adaptive,94,8356,8087,269,131,70.0
Adaptive,95,13262,12849,413,209,70.0
Adaptive,96,14629,14155,474,230,70.0
Adaptive,97,11997,11625,372,189,70.0
Adaptive,98,10197,9866,331,160,70.0
Adaptive,99,31621,30619,1002,500,70.0
Adaptive,100,15043,14569,474,237,70.0
Adaptive,101,11009,10657,352,173,70.0
Adaptive,102,8080,7831,249,127,70.0
Adaptive,103,10493,10162,331,165,70.0
Adaptive,104,9742,9430,312,153,70.0
Adaptive,105,13264,12851,413,209,70.0
Adaptive,106,11580,11210,370,182,70.0
Adaptive,107,31619,30617,1002,500,70.0
Adaptive,108,13144,12731,413,207,70.0
Adaptive,109,23033,22296,737,363,70.0
Adaptive,110,8356,8087,269,131,70.0
Adaptive,111,17160,16605,555,270,70.0
Adaptive,112,18720,18126,594,295,70.0
Adaptive,113,14468,14016,452,228,70.0
Adaptive,114,5136,4965,170,80,70.0
Adaptive,115,11126,10774,352,175,70.0
Adaptive,116,14232,13779,453,224,70.0
Adaptive,117,7269,7040,229,114,70.0
Adaptive,118,8299,8028,271,130,70.0
Adaptive,119,24242,23464,778,382,70.0
Adaptive,120,17912,17336,576,282,70.0
Adaptive,121,13361,12930,431,210,70.0
Adaptive,122,7388,7158,230,116,70.0
Adaptive,123,11938,11566,372,188,70.0
Adaptive,124,15499,15004,494,244,70.0
Adaptive,125,7386,7158,228,116,70.0
Adaptive,126,13659,13227,432,215,70.0
Adaptive,127,7092,6863,229,111,70.0
Adaptive,128,27584,26705,879,435,70.0
Adaptive,129,11641,11270,371,183,70.0
Adaptive,130,19753,19116,637,311,70.0
Adaptive,131,10829,10478,350,170,70.0
Adaptive,132,7387,7159,228,116,70.0
Adaptive,133,14232,13779,453,224,70.0
Adaptive,134,9463,9173,290,149,70.0
Adaptive,135,11305,10953,352,178,70.0
Adaptive,136,9564,9254,310,150,70.0
Adaptive,137,12332,11941,391,194,70.0
Adaptive,138,8140,7890,250,128,70.0
Adaptive,139,9049,8759,290,142,70.0
Adaptive,140,10433,10104,329,164,70.0
Adaptive,141,8990,8700,290,141,70.0
Adaptive,142,18543,17949,594,292,70.0
Adaptive,143,12273,11882,391,193,70.0
Adaptive,144,9168,8878,290,144,70.0
Adaptive,145,10198,9866,332,160,70.0
Adaptive,146,24817,24017,800,391,70.0
Adaptive,147,15043,14569,473,237,70.0
Adaptive,148,8418,8147,270,132,70.0
Adaptive,149,17336,16782,554,273,70.0
Adaptive,150,18662,18068,594,294,70.0
Adaptive,151,17220,16665,555,271,70.0
Adaptive,152,14629,14155,474,230,70.0
Adaptive,153,31618,30617,1001,500,70.0
Adaptive,154,9623,9312,311,151,70.0
Adaptive,155,6935,6724,211,109,70.0
Adaptive,156,31619,30618,1001,500,70.0
Adaptive,157,13362,12929,433,210,70.0
Adaptive,158,18603,18008,595,293,70.0
Adaptive,159,18427,17831,596,290,70.0
Adaptive,160,6299,6111,188,99,70.0
Adaptive,161,16704,16169,535,263,70.0
Adaptive,162,23154,22416,738,365,70.0
Adaptive,163,20956,20282,674,330,70.0
Adaptive,164,8773,8503,270,138,70.0
Adaptive,165,22578,21862,716,356,70.0
Adaptive,166,10612,10281,331,167,70.0
Adaptive,167,12096,11705,391,190,70.0
Adaptive,168,7664,7416,248,120,70.0
Adaptive,169,9289,8997,291,146,70.0
Adaptive,170,31616,30617,999,500,70.0
Adaptive,171,27002,26151,851,426,70.0
Adaptive,172,13261,12850,411,209,70.0
Adaptive,173,12789,12376,413,201,70.0
Adaptive,174,12571,12179,392,198,70.0
Adaptive,175,16074,15559,515,253,70.0
Adaptive,176,13659,13226,433,215,70.0
Adaptive,177,12333,11940,392,194,70.0
Adaptive,178,12906,12495,411,203,70.0
Adaptive,179,8198,7948,250,129,70.0
Adaptive,180,9563,9253,310,150,70.0
Adaptive,181,16883,16348,535,266,70.0
Adaptive,182,8712,8442,270,137,70.0
Adaptive,183,9170,8878,292,144,70.0
Adaptive,184,9286,8997,289,146,70.0
Adaptive,185,5371,5202,169,84,70.0
Adaptive,186,9564,9253,311,150,70.0
Adaptive,187,12391,12000,391,195,70.0
Adaptive,188,16943,16408,535,267,70.0
Adaptive,189,19476,18859,617,307,70.0
Adaptive,190,6638,6427,211,104,70.0
Adaptive,191,24994,24195,799,394,70.0
Adaptive,192,11935,11565,370,188,70.0
Adaptive,193,9564,9253,311,150,70.0
Adaptive,194,11361,11010,351,179,70.0
Adaptive,195,7210,6980,230,113,70.0
Adaptive,196,15321,14827,494,241,70.0
Adaptive,197,8300,8029,271,130,70.0
Adaptive,198,19356,18740,616,305,70.0
Adaptive,199,31618,30618,1000,500,70.0
Adaptive,200,14629,14155,474,230,70.0
Adaptive,201,12509,12118,391,197,70.0
Adaptive,202,16013,15499,514,252,70.0
Adaptive,203,11641,11270,371,183,70.0
Adaptive,204,10491,10161,330,165,70.0
Adaptive,205,19591,18976,615,309,70.0
Adaptive,206,10433,10103,330,164,70.0
Adaptive,207,23906,23147,759,377,70.0
Adaptive,208,23489,22733,756,370,70.0
Adaptive,209,9287,8996,291,146,70.0
Adaptive,210,5884,5695,189,92,70.0
Adaptive,211,10435,10103,332,164,70.0
Adaptive,212,7567,7336,231,119,70.0
Adaptive,213,8992,8700,291,141,70.0
Adaptive,214,17794,17218,576,280,70.0
Adaptive,215,15617,15122,495,246,70.0
Adaptive,216,17395,16842,553,274,70.0
Adaptive,217,9979,9669,310,157,70.0
Adaptive,218,15260,14767,493,240,70.0
Adaptive,219,29365,28424,941,463,70.0
Adaptive,220,12331,11941,390,194,70.0
Adaptive,221,9683,9373,310,152,70.0
Adaptive,222,8930,8641,289,140,70.0
Adaptive,223,14865,14392,473,234,70.0
Adaptive,224,20502,19847,655,323,70.0
Adaptive,225,13422,12989,433,211,70.0
Adaptive,226,11363,11012,351,179,70.0
Adaptive,227,18543,17949,594,292,70.0
Adaptive,228,31621,30619,1002,500,70.0
Adaptive,229,10672,10341,331,168,70.0
Adaptive,230,12790,12375,415,201,70.0
Adaptive,231,11701,11329,372,184,70.0
Adaptive,232,18781,18187,594,296,70.0
Adaptive,233,13421,12988,433,211,70.0
Adaptive,234,20619,19964,655,325,70.0
Adaptive,235,10613,10281,332,167,70.0
Adaptive,236,14469,14016,453,228,70.0
Adaptive,237,21197,20519,678,334,70.0
Adaptive,238,19297,18680,616,304,70.0
Adaptive,239,18029,17455,574,284,70.0
Adaptive,240,9741,9431,310,153,70.0
Adaptive,241,31617,30618,999,500,70.0
Adaptive,242,15101,14627,474,238,70.0
Adaptive,243,20167,19530,637,318,70.0
Adaptive,244,6696,6486,210,105,70.0
Adaptive,245,21196,20520,676,334,70.0
Adaptive,246,23034,22296,738,363,70.0
Adaptive,247,13896,13463,433,219,70.0
Adaptive,248,15794,15300,494,249,70.0
Adaptive,249,8594,8324,270,135,70.0
Adaptive,250,14685,14213,472,231,70.0
Adaptive,251,23844,23087,757,376,70.0
Adaptive,252,14353,13898,455,226,70.0
Adaptive,253,27921,27021,900,440,70.0
Adaptive,254,10832,10479,352,170,70.0
Adaptive,255,10376,10044,332,163,70.0
Adaptive,256,12393,12000,393,195,70.0
Adaptive,257,5767,5577,189,90,70.0
Adaptive,258,8654,8384,270,136,70.0
Adaptive,259,10830,10479,351,170,70.0
Adaptive,260,14528,14075,453,229,70.0
Adaptive,261,15261,14767,494,240,70.0
Adaptive,262,14688,14215,473,231,70.0
Adaptive,263,6240,6051,189,98,70.0
Adaptive,264,16765,16230,535,264,70.0
Adaptive,265,7724,7475,249,121,70.0
Adaptive,266,9168,8878,290,144,70.0
Adaptive,267,7387,7158,229,116,70.0
Adaptive,268,8080,7830,250,127,70.0
Adaptive,269,17795,17219,576,280,70.0
Adaptive,270,13896,13463,433,219,70.0
Adaptive,271,8712,8444,268,137,70.0
Adaptive,272,15559,15064,494,245,70.0
Adaptive,273,11463,11091,372,180,70.0
Adaptive,274,10435,10104,331,164,70.0
Adaptive,275,19470,18859,611,307,70.0
Adaptive,276,8932,8641,291,140,70.0
Adaptive,277,15952,15439,513,251,70.0
Adaptive,278,7506,7276,230,118,70.0
Adaptive,279,10495,10164,331,165,70.0
Adaptive,280,14291,13838,452,225,70.0
Adaptive,281,12727,12318,409,200,70.0
Adaptive,282,4797,4649,148,75,70.0
Adaptive,283,8930,8640,290,140,70.0
Adaptive,284,14173,13721,452,223,70.0
Adaptive,285,10889,10538,351,171,70.0
Adaptive,286,20737,20084,653,327,70.0
Adaptive,287,14864,14391,473,234,70.0
Adaptive,288,31618,30618,1000,500,70.0
Adaptive,289,6400,6190,210,100,70.0
Adaptive,290,13362,12928,434,210,70.0
Adaptive,291,9168,8877,291,144,70.0
Adaptive,292,9345,9055,290,147,70.0
Adaptive,293,9861,9550,311,155,70.0
Adaptive,294,8713,8443,270,137,70.0
Adaptive,295,8140,7889,250,128,70.0
Adaptive,296,10436,10104,332,164,70.0
Adaptive,297,9049,8759,290,142,70.0
Adaptive,298,8081,7831,250,127,70.0
Adaptive,299,17970,17396,574,283,70.0
Adaptive,300,10037,9727,310,158,70.0
Adaptive,301,10256,9925,331,161,70.0
Adaptive,302,11997,11625,372,189,70.0
Adaptive,303,7268,7040,228,114,70.0
Adaptive,304,11759,11388,371,185,70.0
Adaptive,305,10316,9985,331,162,70.0
Adaptive,306,16584,16051,533,261,70.0
Adaptive,307,7091,6861,230,111,70.0
Adaptive,308,17220,16665,555,271,70.0
Adaptive,309,21826,21131,695,344,70.0
Adaptive,310,13204,12791,413,208,70.0
Adaptive,311,15261,14767,494,240,70.0
Adaptive,312,9802,9491,311,154,70.0
Adaptive,313,13540,13107,433,213,70.0
Adaptive,314,10375,10043,332,163,70.0
Adaptive,315,17694,17139,555,279,70.0
Adaptive,316,22974,22238,736,362,70.0
Adaptive,317,13997,13543,454,220,70.0
Adaptive,318,9405,9114,291,148,70.0
Adaptive,319,19473,18858,615,307,70.0
Adaptive,320,19297,18680,617,304,70.0
Adaptive,321,6815,6605,210,107,70.0
Adaptive,322,12095,11703,392,190,70.0
Adaptive,323,18602,18009,593,293,70.0
Adaptive,324,12097,11705,392,190,70.0
Adaptive,325,18662,18067,595,294,70.0
Adaptive,326,11127,10775,352,175,70.0
Adaptive,327,8593,8324,269,135,70.0
Adaptive,328,12787,12376,411,201,70.0
Adaptive,329,11305,10952,352,178,70.0
Adaptive,330,14688,14214,474,231,70.0
Adaptive,331,7093,6862,230,111,70.0
Adaptive,332,13778,13344,433,217,70.0
Adaptive,333,15378,14884,494,242,70.0
Adaptive,334,8771,8501,270,138,70.0
Adaptive,335,11701,11328,372,184,70.0
Adaptive,336,13718,13285,433,216,70.0
Adaptive,337,5668,5499,169,89,70.0
Adaptive,338,8199,7949,250,129,70.0
Adaptive,339,6576,6368,208,103,70.0
Adaptive,340,13202,12790,411,208,70.0
Adaptive,341,16368,15854,514,258,70.0
Adaptive,342,11819,11447,372,186,70.0
Adaptive,343,8358,8088,270,131,70.0
Adaptive,344,10374,10043,331,163,70.0
Adaptive,345,13539,13107,432,213,70.0
Adaptive,346,28790,27872,918,454,70.0
Adaptive,347,12332,11941,391,194,70.0
Adaptive,348,23270,22533,737,367,70.0
Adaptive,349,13994,13542,452,220,70.0
Adaptive,350,20958,20282,676,330,70.0
Adaptive,351,19812,19175,637,312,70.0
Adaptive,352,23607,22851,756,372,70.0
Adaptive,353,28395,27497,898,448,70.0
Adaptive,354,12789,12376,412,201,70.0
Adaptive,355,21431,20755,676,338,70.0
Adaptive,356,12905,12493,412,203,70.0
Adaptive,357,11244,10894,350,177,70.0
Adaptive,358,8832,8562,270,139,70.0
Adaptive,359,21017,20341,676,331,70.0
Adaptive,360,18266,17692,574,288,70.0
Adaptive,361,9563,9252,311,150,70.0
Adaptive,362,22002,21308,694,347,70.0
Adaptive,363,21649,20953,696,341,70.0
Adaptive,364,13085,12672,413,206,70.0
Adaptive,365,9623,9312,311,151,70.0
Adaptive,366,8930,8640,290,140,70.0
Adaptive,367,14469,14017,452,228,70.0
Adaptive,368,18605,18009,596,293,70.0
Adaptive,369,12393,12000,393,195,70.0
Adaptive,370,11069,10717,352,174,70.0
Adaptive,371,11245,10893,351,177,70.0
Adaptive,372,8714,8443,271,137,70.0
Adaptive,373,8653,8383,270,136,70.0
Adaptive,374,24022,23266,755,379,70.0
Adaptive,375,14291,13838,453,225,70.0
Adaptive,376,13996,13542,454,220,70.0
Adaptive,377,11304,10953,351,178,70.0
Adaptive,378,15043,14569,474,237,70.0
Adaptive,379,31620,30618,1002,500,70.0
Adaptive,380,21079,20401,678,332,70.0
Adaptive,381,14982,14510,472,236,70.0
Adaptive,382,12790,12376,414,201,70.0
Adaptive,383,12392,12000,392,195,70.0
Adaptive,384,7328,7099,229,115,70.0
Adaptive,385,11521,11150,371,181,70.0
Adaptive,386,16307,15794,513,257,70.0
Adaptive,387,6873,6664,209,108,70.0
Adaptive,388,14468,14016,452,228,70.0
Adaptive,389,13597,13167,430,214,70.0
Adaptive,390,9803,9490,312,154,70.0
Adaptive,391,11126,10774,352,175,70.0
Adaptive,392,25620,24808,812,404,70.0
Adaptive,393,9227,8937,290,145,70.0
Adaptive,394,5944,5755,189,93,70.0
Adaptive,395,13084,12672,411,206,70.0
Adaptive,396,9860,9549,311,155,70.0
Adaptive,397,12849,12436,413,202,70.0
Adaptive,398,18207,17632,575,287,70.0
Adaptive,399,10671,10339,332,168,70.0
Adaptive,400,10553,10222,331,166,70.0
Adaptive,401,6694,6486,208,105,70.0
Adaptive,402,9803,9490,313,154,70.0
Adaptive,403,31620,30619,1001,500,70.0
Adaptive,404,11879,11507,372,187,70.0
Adaptive,405,24482,23701,780,386,70.0
Adaptive,406,14411,13958,453,227,70.0
Adaptive,407,16072,15558,513,253,70.0
Adaptive,408,25172,24373,799,397,70.0
Adaptive,409,14232,13780,452,224,70.0
Adaptive,410,24303,23523,780,383,70.0
Adaptive,411,7901,7652,249,124,70.0
Adaptive,412,10098,9787,310,159,70.0
Adaptive,413,11938,11564,374,188,70.0
Adaptive,414,11008,10657,351,173,70.0
Adaptive,415,27068,26210,858,427,70.0
Adaptive,416,8712,8442,270,137,70.0
Adaptive,417,18146,17573,573,286,70.0
Adaptive,418,25744,24925,819,406,70.0
Adaptive,419,21136,20459,677,333,70.0
Adaptive,420,20384,19727,657,321,70.0
Adaptive,421,9801,9491,310,154,70.0
Adaptive,422,11876,11506,370,187,70.0
Adaptive,423,24874,24076,798,392,70.0
Adaptive,424,10255,9926,329,161,70.0
Adaptive,425,6122,5933,189,96,70.0
Adaptive,426,13836,13403,433,218,70.0
Adaptive,427,9406,9114,292,148,70.0
Adaptive,428,14530,14075,455,229,70.0
Adaptive,429,8476,8206,270,133,70.0
Adaptive,430,10830,10479,351,170,70.0
Adaptive,431,10552,10221,331,166,70.0
Adaptive,432,22341,21625,716,352,70.0
Adaptive,433,7329,7099,230,115,70.0
Adaptive,434,8199,7949,250,129,70.0
Adaptive,435,10947,10597,350,172,70.0
Adaptive,436,17910,17336,574,282,70.0
Adaptive,437,28611,27692,919,451,70.0
Adaptive,438,8931,8640,290,140,70.0
Adaptive,439,18660,18066,594,294,70.0
Adaptive,440,15894,15380,514,250,70.0
Adaptive,441,11523,11151,371,181,70.0
Adaptive,442,8197,7948,249,129,70.0
Adaptive,443,13996,13543,453,220,70.0
Adaptive,444,10435,10103,332,164,70.0
Adaptive,445,7150,6921,229,112,70.0
Adaptive,446,8140,7889,251,128,70.0
Adaptive,447,31621,30618,1002,500,70.0
Adaptive,448,12512,12118,394,197,70.0
Adaptive,449,14804,14333,471,233,70.0
Adaptive,450,5608,5439,169,88,70.0
Adaptive,451,9861,9549,312,155,70.0
Adaptive,452,12510,12118,392,197,70.0
Adaptive,453,12095,11703,392,190,70.0
Adaptive,454,11364,11011,353,179,70.0
Adaptive,455,28908,27988,920,456,70.0
Adaptive,456,13718,13285,433,216,70.0
Adaptive,457,8713,8442,271,137,70.0
Adaptive,458,7328,7099,229,115,70.0
Adaptive,459,24240,23462,778,382,70.0
Adaptive,460,17852,17277,575,281,70.0
Adaptive,461,15733,15241,492,248,70.0
Adaptive,462,12156,11763,393,191,70.0
Adaptive,463,30809,29827,982,486,70.0
Adaptive,464,9287,8996,291,146,70.0
Adaptive,465,12451,12059,392,196,70.0
Adaptive,466,14983,14509,474,236,70.0
Adaptive,467,13837,13403,433,218,70.0
Adaptive,468,23608,22850,758,372,70.0
Adaptive,469,12728,12316,412,200,70.0
Adaptive,470,18267,17693,574,288,70.0
Adaptive,471,12155,11764,391,191,70.0
Adaptive,472,9110,8819,291,143,70.0
Adaptive,473,10095,9786,309,159,70.0
Adaptive,474,14803,14333,470,233,70.0
Adaptive,475,12448,12059,389,196,70.0
Adaptive,476,20619,19964,655,325,70.0
Adaptive,477,20798,20144,654,328,70.0
Adaptive,478,17691,17138,553,279,70.0
Adaptive,479,8199,7948,251,129,70.0
Adaptive,480,20445,19788,657,322,70.0
Adaptive,481,9742,9430,312,153,70.0
Adaptive,482,18839,18245,594,297,70.0
Adaptive,483,9168,8878,290,144,70.0
Adaptive,484,13203,12791,412,208,70.0
Adaptive,485,7961,7711,250,125,70.0
Adaptive,486,17399,16844,555,274,70.0
Adaptive,487,9684,9372,312,152,70.0
Adaptive,488,6518,6308,210,102,70.0
Adaptive,489,17692,17138,554,279,70.0
Adaptive,490,8200,7948,252,129,70.0
Adaptive,491,13894,13462,432,219,70.0
Adaptive,492,16190,15677,513,255,70.0
Adaptive,493,16251,15736,515,256,70.0
Adaptive,494,16588,16053,535,261,70.0
Adaptive,495,13419,12988,431,211,70.0
Adaptive,496,10255,9925,330,161,70.0
Adaptive,497,25052,24254,798,395,70.0
Adaptive,498,10554,10223,331,166,70.0
Adaptive,499,9285,8996,289,146,70.0
Adaptive,500,28673,27752,921,452,70.0
Adaptive,501,6933,6723,210,109,70.0
Adaptive,502,7388,7159,229,116,70.0
Adaptive,503,11996,11624,372,189,70.0
Adaptive,504,11465,11093,372,180,70.0
Adaptive,505,11460,11090,370,180,70.0
Adaptive,506,18722,18127,595,295,70.0
Adaptive,507,27130,26271,859,428,70.0
Adaptive,508,23726,22969,757,374,70.0
Adaptive,509,11068,10716,352,174,70.0
Adaptive,510,10434,10103,331,164,70.0
Adaptive,511,12331,11940,391,194,70.0
Adaptive,512,9861,9550,311,155,70.0
Adaptive,513,14289,13837,452,225,70.0
Adaptive,514,8081,7830,250,127,70.0
Adaptive,515,12512,12119,393,197,70.0
Adaptive,516,15161,14688,473,239,70.0
Adaptive,517,16308,15795,513,257,70.0
Adaptive,518,23666,22910,756,373,70.0
Adaptive,519,19057,18444,613,300,70.0
Adaptive,520,10551,10222,329,166,70.0
Adaptive,521,16014,15499,515,252,70.0
Adaptive,522,11463,11092,371,180,70.0
Adaptive,523,16705,16170,535,263,70.0
Adaptive,524,8713,8444,269,137,70.0
Adaptive,525,11582,11210,372,182,70.0
Adaptive,526,16823,16289,534,265,70.0
Adaptive,527,10434,10103,331,164,70.0
Adaptive,528,14684,14214,470,231,70.0
Adaptive,529,11304,10952,352,178,70.0
Adaptive,530,16703,16170,533,263,70.0
Adaptive,531,14289,13837,452,225,70.0
Adaptive,532,14470,14017,453,228,70.0
Adaptive,533,21491,20814,676,339,70.0
Adaptive,534,16013,15499,514,252,70.0
Adaptive,535,9743,9431,312,153,70.0
Adaptive,536,8199,7949,250,129,70.0
Adaptive,537,11007,10657,350,173,70.0
Adaptive,538,14628,14155,473,230,70.0
Adaptive,539,14527,14074,453,229,70.0
Adaptive,540,16190,15676,514,255,70.0
Adaptive,541,9050,8760,290,142,70.0
Adaptive,542,17334,16783,551,273,70.0
Adaptive,543,13261,12849,412,209,70.0
Adaptive,544,12966,12552,413,204,70.0
Adaptive,545,15952,15439,513,251,70.0
Adaptive,546,10611,10281,330,167,70.0
Adaptive,547,18425,17831,594,290,70.0
Adaptive,548,9626,9313,313,151,70.0
Adaptive,549,15380,14886,494,242,70.0
Adaptive,550,8081,7830,250,127,70.0
Adaptive,551,30683,29709,974,484,70.0
Adaptive,552,10554,10222,331,166,70.0
Adaptive,553,17633,17079,554,278,70.0
Adaptive,554,16132,15618,514,254,70.0
Adaptive,555,20857,20202,655,329,70.0
Adaptive,556,13201,12791,410,208,70.0
Adaptive,557,13261,12848,413,209,70.0
Adaptive,558,17911,17337,574,282,70.0
Adaptive,559,15557,15062,495,245,70.0
Adaptive,560,20224,19589,635,319,70.0
Adaptive,561,17912,17338,574,282,70.0
Adaptive,562,6005,5815,190,94,70.0
Adaptive,563,14409,13957,452,227,70.0
Adaptive,564,8773,8502,271,138,70.0
Adaptive,565,19988,19352,636,315,70.0
Adaptive,566,19752,19116,636,311,70.0
Adaptive,567,7903,7653,250,124,70.0
Adaptive,568,6458,6249,209,101,70.0
Adaptive,569,20047,19412,635,316,70.0
Adaptive,570,14174,13720,453,223,70.0
Adaptive,571,13026,12613,413,205,70.0
Adaptive,572,12214,11823,391,192,70.0
Adaptive,573,16647,16112,535,262,70.0
Adaptive,574,14116,13661,455,222,70.0
Adaptive,575,6636,6427,209,104,70.0
Adaptive,576,7961,7712,249,125,70.0
Adaptive,577,9623,9313,310,151,70.0
Adaptive,578,14744,14272,472,232,70.0
Adaptive,579,16366,15853,513,258,70.0
Adaptive,580,6003,5815,188,94,70.0
Adaptive,581,26773,25914,859,422,70.0
Adaptive,582,12276,11882,394,193,70.0
Adaptive,583,19354,18739,615,305,70.0
Adaptive,584,13718,13285,433,216,70.0
Adaptive,585,14230,13779,451,224,70.0
Adaptive,586,9684,9372,312,152,70.0
Adaptive,587,18780,18186,594,296,70.0
Adaptive,588,9345,9055,290,147,70.0
Adaptive,589,10888,10537,351,171,70.0
Adaptive,590,14114,13661,453,222,70.0
Adaptive,591,14292,13839,453,225,70.0
Adaptive,592,15042,14569,473,237,70.0
Adaptive,593,5549,5380,169,87,70.0
Adaptive,594,14923,14450,473,235,70.0
Adaptive,595,10948,10597,350,172,70.0
Adaptive,596,14232,13779,453,224,70.0
Adaptive,597,14688,14214,474,231,70.0
Adaptive,598,14922,14451,471,235,70.0
Adaptive,599,9563,9253,310,150,70.0
Adaptive,600,10039,9726,312,158,70.0
Adaptive,601,8536,8265,271,134,70.0
Adaptive,602,9168,8877,291,144,70.0
Adaptive,603,20741,20085,656,327,70.0
Adaptive,604,14114,13660,454,222,70.0
Adaptive,605,14748,14274,474,232,70.0
Adaptive,606,13540,13107,433,213,70.0
Adaptive,607,8933,8641,291,140,70.0
Adaptive,608,10433,10102,331,164,70.0
Adaptive,609,12571,12178,392,198,70.0
Adaptive,610,14528,14075,452,229,70.0
Adaptive,611,12571,12178,393,198,70.0
Adaptive,612,16881,16347,534,266,70.0
Adaptive,613,22122,21427,695,349,70.0
Adaptive,614,14469,14015,453,228,70.0
Adaptive,615,31620,30618,1002,500,70.0
Adaptive,616,6813,6604,209,107,70.0
Adaptive,617,19690,19055,635,310,70.0
Adaptive,618,7902,7652,250,124,70.0
Adaptive,619,13203,12791,412,208,70.0
Adaptive,620,11641,11270,371,183,70.0
Adaptive,621,6814,6605,209,107,70.0
Adaptive,622,13658,13225,433,215,70.0
Adaptive,623,19353,18739,614,305,70.0
Adaptive,624,13777,13344,433,217,70.0
Adaptive,625,12629,12237,392,199,70.0
Adaptive,626,21488,20813,675,339,70.0
Adaptive,627,14113,13660,453,222,70.0
Adaptive,628,8595,8325,270,135,70.0
Adaptive,629,14529,14076,453,229,70.0
Adaptive,630,11701,11329,372,184,70.0
Adaptive,631,8991,8700,291,141,70.0
Adaptive,632,11246,10894,352,177,70.0
Adaptive,633,20502,19846,656,323,70.0
Adaptive,634,7031,6802,229,110,70.0
Adaptive,635,18724,18128,596,295,70.0
Adaptive,636,9049,8759,290,142,70.0
Adaptive,637,15793,15300,493,249,70.0
Adaptive,638,9684,9372,312,152,70.0
Adaptive,639,17515,16960,555,276,70.0
Adaptive,640,9684,9372,312,152,70.0
Adaptive,641,11522,11151,371,181,70.0
Adaptive,642,14409,13956,453,227,70.0
Adaptive,643,9743,9430,313,153,70.0
Adaptive,644,27128,26268,860,428,70.0
Adaptive,645,7210,6981,229,113,70.0
Adaptive,646,9922,9609,313,156,70.0
Adaptive,647,13420,12988,432,211,70.0
Adaptive,648,13895,13462,433,219,70.0
Adaptive,649,12391,12000,391,195,70.0
Adaptive,650,11760,11388,372,185,70.0
Adaptive,651,7903,7652,251,124,70.0
Adaptive,652,22224,21507,717,350,70.0
Adaptive,653,12393,12001,392,195,70.0
Adaptive,654,30692,29710,982,484,70.0
Adaptive,655,12099,11705,394,190,70.0
Adaptive,656,19474,18858,616,307,70.0
Adaptive,657,26081,25242,839,411,70.0
Adaptive,658,26436,25596,840,417,70.0
Adaptive,659,9225,8937,288,145,70.0
Adaptive,660,22582,21863,719,356,70.0
Adaptive,661,29085,28166,919,459,70.0
Adaptive,662,12392,12001,391,195,70.0
Adaptive,663,15615,15122,493,246,70.0
Adaptive,664,5192,5024,168,81,70.0
Adaptive,665,10610,10281,329,167,70.0
Adaptive,666,22278,21566,712,351,70.0
Adaptive,667,11995,11624,371,189,70.0
Adaptive,668,11008,10656,352,173,70.0
Adaptive,669,7032,6803,229,110,70.0
Adaptive,670,16764,16230,534,264,70.0
Adaptive,671,22340,21625,715,352,70.0
Adaptive,672,13363,12930,433,210,70.0
Adaptive,673,15894,15381,513,250,70.0
Adaptive,674,8477,8207,270,133,70.0
Adaptive,675,12392,12000,392,195,70.0
Adaptive,676,9404,9114,290,148,70.0
Adaptive,677,22975,22238,737,362,70.0
Adaptive,678,7093,6863,230,111,70.0
Adaptive,679,6874,6663,211,108,70.0
Adaptive,680,9051,8759,292,142,70.0
Adaptive,681,24656,23877,779,389,70.0
Adaptive,682,9285,8996,289,146,70.0
Adaptive,683,16943,16408,535,267,70.0
Adaptive,684,20106,19470,636,317,70.0
Adaptive,685,13085,12672,413,206,70.0
Adaptive,686,19691,19055,636,310,70.0
Adaptive,687,14172,13720,452,223,70.0
Adaptive,688,11364,11012,352,179,70.0
Adaptive,689,11818,11447,371,186,70.0
Adaptive,690,22460,21744,716,354,70.0
Adaptive,691,7210,6980,230,113,70.0
Adaptive,692,13659,13224,435,215,70.0
Adaptive,693,12275,11882,393,193,70.0
Adaptive,694,10830,10479,351,170,70.0
Adaptive,695,28155,27257,897,444,70.0
Adaptive,696,20957,20281,676,330,70.0
Adaptive,697,5036,4886,150,79,70.0
Adaptive,698,16191,15676,514,255,70.0
Adaptive,699,17854,17278,576,281,70.0
Adaptive,700,31621,30619,1002,500,70.0
Adaptive,701,21368,20696,672,337,70.0
Adaptive,702,7506,7276,230,118,70.0
Adaptive,703,30807,29827,980,486,70.0
Adaptive,704,9860,9550,310,155,70.0
Adaptive,705,16763,16230,533,264,70.0
Adaptive,706,9168,8877,291,144,70.0
Adaptive,707,28971,28049,922,457,70.0
Adaptive,708,12965,12554,411,204,70.0
Adaptive,709,12094,11703,391,190,70.0
Adaptive,710,17632,17077,555,278,70.0
Adaptive,711,14864,14391,473,234,70.0
Adaptive,712,8534,8265,269,134,70.0
Adaptive,713,12965,12553,412,204,70.0
Adaptive,714,9407,9115,292,148,70.0
Adaptive,715,18267,17693,574,288,70.0
Adaptive,716,8297,8028,269,130,70.0
Adaptive,717,6755,6546,209,106,70.0
Adaptive,718,9565,9253,312,150,70.0
Adaptive,719,8536,8265,270,134,70.0
Adaptive,720,11937,11566,371,188,70.0
Adaptive,721,10949,10597,352,172,70.0
Adaptive,722,7269,7040,229,114,70.0
Adaptive,723,13540,13106,434,213,70.0
Adaptive,724,17454,16901,553,275,70.0
Adaptive,725,21705,21013,692,342,70.0
Adaptive,726,4975,4827,148,78,70.0
Adaptive,727,5547,5379,168,87,70.0
Adaptive,728,6577,6368,209,103,70.0
Adaptive,729,12451,12059,392,196,70.0
Adaptive,730,10197,9866,331,160,70.0
Adaptive,731,10317,9984,332,162,70.0
Adaptive,732,23729,22971,758,374,70.0
Adaptive,733,12333,11941,392,194,70.0
Adaptive,734,24657,23877,779,389,70.0
Adaptive,735,8021,7771,250,126,70.0
Adaptive,736,16881,16347,534,266,70.0
Adaptive,737,12729,12317,411,200,70.0
Adaptive,738,30986,30005,981,489,70.0
Adaptive,739,18030,17454,576,284,70.0
Adaptive,740,16526,15992,534,260,70.0
Adaptive,741,9681,9371,310,152,70.0
Adaptive,742,6755,6546,209,106,70.0
Adaptive,743,28042,27140,902,442,70.0
Adaptive,744,8770,8502,268,138,70.0
Adaptive,745,10195,9866,329,160,70.0
Adaptive,746,11700,11328,372,184,70.0
Adaptive,747,8080,7830,250,127,70.0
Adaptive,748,8651,8383,268,136,70.0
Adaptive,749,8416,8146,270,132,70.0
Adaptive,750,15614,15123,490,246,70.0
Adaptive,751,16249,15736,513,256,70.0
Adaptive,752,17221,16664,557,271,70.0
Adaptive,753,10611,10280,331,167,70.0
Adaptive,754,29360,28425,935,463,70.0
Adaptive,755,16191,15677,514,255,70.0
Adaptive,756,15894,15381,513,250,70.0
Adaptive,757,14922,14450,472,235,70.0
Adaptive,758,18267,17691,575,288,70.0
Adaptive,759,13718,13286,432,216,70.0
Adaptive,760,14114,13661,453,222,70.0
Adaptive,761,9921,9609,312,156,70.0
Adaptive,762,17970,17395,575,283,70.0
Adaptive,763,6695,6486,209,105,70.0
Adaptive,764,15160,14687,473,239,70.0
Adaptive,765,11701,11328,373,184,70.0
Adaptive,766,17516,16961,555,276,70.0
Adaptive,767,31620,30618,1002,500,70.0
Adaptive,768,11880,11506,374,187,70.0
Adaptive,769,14861,14390,471,234,70.0
Adaptive,770,11068,10716,352,174,70.0
Adaptive,771,7032,6803,229,110,70.0
Adaptive,772,10829,10479,350,170,70.0
Adaptive,773,11067,10716,351,174,70.0
Adaptive,774,8359,8087,272,131,70.0
Adaptive,775,8416,8147,269,132,70.0
Adaptive,776,8596,8325,271,135,70.0
Adaptive,777,14747,14274,473,232,70.0
Adaptive,778,7210,6980,230,113,70.0
Adaptive,779,19235,18621,614,303,70.0
Adaptive,780,16428,15914,514,259,70.0
Adaptive,781,14115,13661,454,222,70.0
Adaptive,782,9920,9609,311,156,70.0
Adaptive,783,8714,8442,271,137,70.0
Adaptive,784,5488,5320,168,86,70.0
Adaptive,785,26772,25914,858,422,70.0
Adaptive,786,17971,17396,575,283,70.0
Adaptive,787,9110,8819,291,143,70.0
Adaptive,788,19869,19234,635,313,70.0
Adaptive,789,10435,10103,332,164,70.0
Adaptive,790,15160,14688,472,239,70.0
Adaptive,791,17908,17336,572,282,70.0
Adaptive,792,9918,9609,309,156,70.0
Adaptive,793,10039,9728,311,158,70.0
Adaptive,794,10729,10399,330,169,70.0
Adaptive,795,17693,17138,555,279,70.0
Adaptive,796,31618,30617,1000,500,70.0
Adaptive,797,20385,19728,657,321,70.0
Adaptive,798,8358,8088,270,131,70.0
Adaptive,799,14628,14156,472,230,70.0
Adaptive,800,17911,17338,573,282,70.0
Adaptive,801,10377,10045,332,163,70.0
Adaptive,802,31617,30617,1000,500,70.0
Adaptive,803,12155,11763,392,191,70.0
Adaptive,804,5194,5024,170,81,70.0
Adaptive,805,14173,13719,454,223,70.0
Adaptive,806,6518,6309,209,102,70.0
Adaptive,807,10376,10044,331,163,70.0
Adaptive,808,15260,14767,493,240,70.0
Adaptive,809,15322,14827,495,241,70.0
Adaptive,810,11879,11507,372,187,70.0
Adaptive,811,11700,11328,372,184,70.0
Adaptive,812,15381,14886,495,242,70.0
Adaptive,813,30810,29827,983,486,70.0
Adaptive,814,13996,13543,453,220,70.0
Adaptive,815,31619,30619,1000,500,70.0
Adaptive,816,31618,30618,1000,500,70.0
Adaptive,817,15558,15064,494,245,70.0
Adaptive,818,17002,16467,535,268,70.0
Adaptive,819,14628,14154,474,230,70.0
Adaptive,820,13776,13343,433,217,70.0
Adaptive,821,9802,9490,311,154,70.0
Adaptive,822,7328,7099,229,115,70.0
Adaptive,823,9683,9372,311,152,70.0
Adaptive,824,11877,11506,371,187,70.0
Adaptive,825,16191,15676,515,255,70.0
Adaptive,826,11007,10656,351,173,70.0
Adaptive,827,15895,15380,515,250,70.0
Adaptive,828,9048,8758,290,142,70.0
Adaptive,829,17060,16527,533,269,70.0
Adaptive,830,12274,11882,392,193,70.0
Adaptive,831,16426,15914,512,259,70.0
Adaptive,832,11523,11152,371,181,70.0
Adaptive,833,12789,12376,413,201,70.0
Adaptive,834,12392,12000,392,195,70.0
Adaptive,835,7152,6921,231,112,70.0
Adaptive,836,19296,18681,614,304,70.0
Adaptive,837,19413,18798,615,306,70.0
Adaptive,838,24299,23521,778,383,70.0
Adaptive,839,18264,17691,573,288,70.0
Adaptive,840,21314,20637,677,336,70.0
Adaptive,841,31618,30617,1001,500,70.0
Adaptive,842,13262,12849,412,209,70.0
Adaptive,843,7843,7593,250,123,70.0
Adaptive,844,27120,26270,850,428,70.0
Adaptive,845,12729,12317,412,200,70.0
Adaptive,846,7904,7653,251,124,70.0
Adaptive,847,12333,11942,391,194,70.0
Adaptive,848,21646,20954,692,341,70.0
Adaptive,849,16527,15993,534,260,70.0
Adaptive,850,14292,13838,454,225,70.0
Adaptive,851,4341,4213,128,68,70.0
Adaptive,852,7963,7711,252,125,70.0
Adaptive,853,20737,20083,654,327,70.0
Adaptive,854,9979,9669,310,157,70.0
Adaptive,855,15892,15380,512,250,70.0
Adaptive,856,10494,10163,331,165,70.0
Adaptive,857,13422,12989,433,211,70.0
Adaptive,858,23730,22970,760,374,70.0
Adaptive,859,18780,18185,595,296,70.0
Adaptive,860,19929,19293,636,314,70.0
Adaptive,861,16706,16171,535,263,70.0
Adaptive,862,24816,24017,799,391,70.0
Adaptive,863,20224,19588,636,319,70.0
Adaptive,864,12273,11881,392,193,70.0
Adaptive,865,14351,13898,453,226,70.0
Adaptive,866,9167,8878,289,144,70.0
Adaptive,867,9565,9253,312,150,70.0
Adaptive,868,9921,9609,312,156,70.0
Adaptive,869,22859,22120,739,360,70.0
Adaptive,870,31617,30617,1000,500,70.0
Adaptive,871,9465,9173,292,149,70.0
Adaptive,872,16012,15498,514,252,70.0
Adaptive,873,21593,20895,698,340,70.0
Adaptive,874,8992,8700,292,141,70.0
Adaptive,875,7388,7158,230,116,70.0
Adaptive,876,20503,19846,657,323,70.0
Adaptive,877,20798,20143,655,328,70.0
Adaptive,878,12630,12237,393,199,70.0
Adaptive,879,17635,17079,556,278,70.0
Adaptive,880,10949,10598,351,172,70.0
Adaptive,881,21708,21012,696,342,70.0
Adaptive,882,31619,30617,1002,500,70.0
Adaptive,883,8654,8383,270,136,70.0
Adaptive,884,14411,13957,454,227,70.0
Adaptive,885,20222,19588,634,319,70.0
Adaptive,886,23271,22534,737,367,70.0
Adaptive,887,14687,14214,473,231,70.0
Adaptive,888,17282,16725,556,272,70.0
Adaptive,889,11065,10715,350,174,70.0
Adaptive,890,9405,9114,290,148,70.0
Adaptive,891,7902,7653,249,124,70.0
Adaptive,892,15614,15122,492,246,70.0
Adaptive,893,12096,11704,392,190,70.0
Adaptive,894,18547,17951,596,292,70.0
Adaptive,895,12846,12435,411,202,70.0
Adaptive,896,5372,5202,170,84,70.0
Adaptive,897,13996,13542,454,220,70.0
Adaptive,898,10435,10103,332,164,70.0
Adaptive,899,7447,7217,230,117,70.0
Adaptive,900,31616,30615,1001,500,70.0
Adaptive,901,17455,16901,554,275,70.0
Adaptive,902,15794,15300,494,249,70.0
Adaptive,903,11875,11506,369,187,70.0
Adaptive,904,12511,12118,393,197,70.0
Adaptive,905,16368,15854,514,258,70.0
Adaptive,906,11698,11327,371,184,70.0
Adaptive,907,11937,11565,372,188,70.0
Adaptive,908,7782,7534,248,122,70.0
Adaptive,909,13776,13344,432,217,70.0
Adaptive,910,10096,9786,310,159,70.0
Adaptive,911,8536,8265,271,134,70.0
Adaptive,912,6696,6486,210,105,70.0
Adaptive,913,19691,19055,636,310,70.0
Adaptive,914,26831,25974,857,423,70.0
Adaptive,915,17061,16526,535,269,70.0
Adaptive,916,14173,13721,452,223,70.0
Adaptive,917,10434,10102,332,164,70.0
Adaptive,918,12392,12000,392,195,70.0
Adaptive,919,15954,15439,515,251,70.0
Adaptive,920,8019,7771,248,126,70.0
Adaptive,921,31620,30618,1002,500,70.0
Adaptive,922,8356,8087,269,131,70.0
Adaptive,923,11364,11012,352,179,70.0
Adaptive,924,23096,22358,738,364,70.0
Adaptive,925,8593,8324,269,135,70.0
Adaptive,926,12570,12178,392,198,70.0
Adaptive,927,7330,7100,230,115,70.0
Adaptive,928,7092,6861,231,111,70.0
Adaptive,929,26889,26032,857,424,70.0
Adaptive,930,11937,11566,371,188,70.0
Adaptive,931,21651,20953,698,341,70.0
Adaptive,932,9464,9174,290,149,70.0
Adaptive,933,9170,8878,292,144,70.0
Adaptive,934,10731,10399,332,169,70.0
Adaptive,935,18603,18008,595,293,70.0
Adaptive,936,11995,11625,370,189,70.0
Adaptive,937,31619,30617,1002,500,70.0
Adaptive,938,6299,6110,189,99,70.0
Adaptive,939,17575,17020,555,277,70.0
Adaptive,940,12966,12553,413,204,70.0
Adaptive,941,15040,14569,471,237,70.0
Adaptive,942,23272,22534,738,367,70.0
Adaptive,943,8417,8146,271,132,70.0
Adaptive,944,7843,7593,250,123,70.0
Adaptive,945,18899,18304,595,298,70.0
Adaptive,946,20442,19787,654,322,70.0
Adaptive,947,8653,8384,269,136,70.0
Adaptive,948,9463,9173,290,149,70.0
Adaptive,949,21076,20400,676,332,70.0
Adaptive,950,12966,12554,412,204,70.0
Adaptive,951,17338,16783,554,273,70.0
Adaptive,952,13424,12989,434,211,70.0
Adaptive,953,12452,12060,391,196,70.0
Adaptive,954,11522,11151,371,181,70.0
Adaptive,955,23270,22532,738,367,70.0
Adaptive,956,16306,15793,513,257,70.0
Adaptive,957,17635,17080,555,278,70.0
Adaptive,958,15796,15301,495,249,70.0
Adaptive,959,8716,8443,272,137,70.0
Adaptive,960,16130,15617,512,254,70.0
Adaptive,961,27186,26328,858,429,70.0
Adaptive,962,14628,14154,474,230,70.0
Adaptive,963,11362,11011,351,179,70.0
Adaptive,964,17220,16665,555,271,70.0
Adaptive,965,10037,9727,310,158,70.0
Adaptive,966,8594,8324,270,135,70.0
Adaptive,967,18660,18068,592,294,70.0
Adaptive,968,13717,13284,433,216,70.0
Adaptive,969,31618,30617,1001,500,70.0
Adaptive,970,10256,9925,331,161,70.0
Adaptive,971,12790,12377,413,201,70.0
Adaptive,972,17061,16526,534,269,70.0
Adaptive,973,11244,10893,351,177,70.0
Adaptive,974,9622,9312,310,151,70.0
Adaptive,975,25446,24629,817,401,70.0
Adaptive,976,14527,14075,452,229,70.0
Adaptive,977,8140,7889,251,128,70.0
Adaptive,978,15320,14826,494,241,70.0
Adaptive,979,18483,17889,594,291,70.0
Adaptive,980,12629,12237,392,199,70.0
Adaptive,981,20562,19906,656,324,70.0
Adaptive,982,19059,18443,616,300,70.0
Adaptive,983,11876,11505,370,187,70.0
Adaptive,984,11184,10833,351,176,70.0
Adaptive,985,7567,7336,231,119,70.0
Adaptive,986,8595,8324,271,135,70.0
Adaptive,987,8773,8502,271,138,70.0
Adaptive,988,13084,12673,411,206,70.0
Adaptive,989,6577,6368,209,103,70.0
Adaptive,990,11639,11269,370,183,70.0
Adaptive,991,31143,30143,1000,491,70.0
Adaptive,992,10950,10598,351,172,70.0
Adaptive,993,15954,15440,514,251,70.0
Adaptive,994,9683,9372,311,152,70.0
Adaptive,995,8534,8265,269,134,70.0
Adaptive,996,10614,10281,333,167,70.0
Adaptive,997,7666,7415,251,120,70.0
Adaptive,998,12214,11822,392,192,70.0
Adaptive,999,10318,9986,332,162,70.0
